Unnamed: 0,Constituency_No,Position,Candidate,Sex,Party,Votes,Age,Valid_Votes,Electors,Constituency_Name,Constituency_Type,District_Name,Sub_Region,No_of_Candidates,Turnout_Percentage,Vote_Share_Percentage,Deposit_Lost,Margin,Margin_Percentage,ENOP,pid,Party_ID,Contested,Last_Party,Last_Party_ID,Last_Constituency_Name,Same_Constituency,Same_Party,No_Terms,Turncoat,Incumbent,Recontest,Education_Qualification,Main_Profession,Main_Profession_Desc,Second_Profession,Second_Profession_Desc,Result,Non_Voters,Non_Voters_Percentage,Non_Voters_Percentage_1,Invalid_Votes_percentage,No_Terms_lost,Alliance,Current_Status
0,1,1,GOVINDARAJAN T.J,M,DMK,126452,60.0,222069,284412,GUMMIDIPUNDI,GEN,TIRUVALLUR,CHENNAI CITY REGION,13,78.08,56.94,no,50938,22.94,2.27,AETN272719,10192,1.0,,,,,,1.0,False,False,False,10th Pass,Business,,,,Won,62343,21.92,21.919961183072445,0.0038816927556695,0.0,SPA,Position gained
13,2,1,DURAI. CHANDRASEKAR,M,INC,94528,48.0,210354,268994,PONNERI,SC,TIRUVALLUR,CHENNAI CITY REGION,11,78.2,44.94,no,9689,4.61,2.7,AETN272731,3482,1.0,,,,,,1.0,False,False,False,Graduate Professional,Liberal Profession or Professional,Lawyer,,,Won,58640,21.8,21.79974274519134,0.025725480865546,0.0,SPA,Position gained
24,3,1,S.Chandran,M,DMK,120314,57.0,232624,295358,TIRUTTANI,GEN,TIRUVALLUR,CHENNAI CITY REGION,15,78.76,51.72,no,29253,12.58,2.38,AETN272739,10192,1.0,,,,,,1.0,False,False,False,Graduate Professional,Business,,,,Won,62734,21.239999999999995,21.2399867279708,0.0013272029192989,0.0,SPA,Position gained
39,4,1,"RAAJENDRAN, V.G.",M,DMK,107709,53.0,214243,277516,THIRUVALLUR,GEN,TIRUVALLUR,CHENNAI CITY REGION,12,77.2,50.27,no,22701,10.6,2.44,AETN186831,10192,2.0,DMK,10192.0,THIRUVALLUR,True,True,2.0,False,True,True,,,,,,Won,63273,22.8,22.799766499949552,0.0233500050445201,0.0,SPA,Consecutive win
51,5,1,Krishnaswamy A,M,DMK,149578,55.0,263736,361331,POONAMALLEE,SC,TIRUVALLUR,CHENNAI CITY REGION,15,72.99,56.72,no,94110,35.68,2.7,GETN6025,10192,2.0,DMK,10192.0,POONAMALLEE,True,True,2.0,False,True,True,Graduate Professional,Liberal Profession or Professional,Lawyer,,,Won,97595,27.010000000000005,27.00986076478354,0.0139235216465749,0.0,SPA,Consecutive win
66,6,1,Nasar S M,M,DMK,150287,61.0,300927,446678,AVADI,GEN,TIRUVALLUR,CHENNAI CITY REGION,21,67.37,49.94,no,55275,18.37,2.78,AETN186867,10192,2.0,DMK,10192.0,AVADI,True,True,1.0,False,False,True,10th Pass,Business,,,,Won,145751,32.629999999999995,32.62999297032762,0.0007029672374869,1.0,SPA,Position gained
87,7,1,GANAPATHY.K,M,DMK,121298,61.0,273870,454179,MADURAVOYAL,GEN,TIRUVALLUR,CHENNAI CITY REGION,21,60.3,44.29,no,31721,11.58,3.03,AETN272785,10192,1.0,,,,,,1.0,False,False,False,8th Pass,Business,Real Estate or Builder or Developer or Construction,,,Won,180309,39.7,39.69998612881705,0.0013871182950708,0.0,SPA,Position gained
108,8,1,JOSEPH SAMUEL,M,DMK,114554,58.0,240299,387516,AMBATTUR,GEN,TIRUVALLUR,CHENNAI CITY REGION,24,62.01,47.67,no,42146,17.54,2.94,AETN272804,10192,1.0,,,,,,1.0,False,False,False,Graduate,Other,,,,Won,147217,37.99,37.989915255112045,0.0084744887956844,0.0,SPA,Position gained
132,9,1,SUDHARSANAM. S,M,DMK,151485,62.0,302700,456079,MADAVARAM,GEN,TIRUVALLUR,CHENNAI CITY REGION,21,66.37,50.04,no,57071,18.85,2.78,AETN186928,10192,2.0,DMK,10192.0,MADAVARAM,True,True,2.0,False,True,True,Post Graduate,Liberal Profession or Professional,Lawyer,Agriculture,,Won,153379,33.629999999999995,33.62991937800249,0.0080621997504692,0.0,SPA,Consecutive win
153,10,1,K.P.SHANKAR,M,DMK,88185,47.0,199996,306977,THIRUVOTTIYUR,GEN,TIRUVALLUR,CHENNAI CITY REGION,21,65.15,44.09,no,37661,18.83,3.23,AETN272837,10192,1.0,,,,,,1.0,False,False,False,8th Pass,Business,,Social Work,,Won,106981,34.849999999999994,34.84984217058607,0.0157829413922172,0.0,SPA,Position gained
174,11,1,EBENEZER. J.J. (@)  JOHN EBENEZER.J,M,DMK,95763,45.0,187027,263492,DR. RADHAKRISHNAN NAGAR,GEN,CHENNAI,CHENNAI CITY REGION,32,70.98,51.2,no,42479,22.71,2.86,AETN272854,10192,1.0,,,,,,1.0,False,False,False,Post Graduate,Other,,,,Won,76465,29.02,29.019856390326844,0.0143609673152411,0.0,SPA,Position gained
206,12,1,SHEKAR. R.D,M,DMK,105267,54.0,200387,318074,PERAMBUR,GEN,CHENNAI,CHENNAI CITY REGION,23,63.0,52.53,no,54976,27.43,2.78,AETN276489,10192,2.0,DMK,10192.0,PERAMBUR,True,True,2.0,False,True,True,Graduate Professional,Business,,,,Won,117687,37.0,36.99988053094563,0.0119469054368437,0.0,SPA,Consecutive win
229,13,1,M.K. STALIN,M,DMK,105522,68.0,173388,284056,KOLATHUR,GEN,CHENNAI,CHENNAI CITY REGION,37,61.04,60.86,no,70384,40.59,2.38,AETN202458,10192,9.0,DMK,10192.0,KOLATHUR,True,True,7.0,False,True,True,Graduate,Social Work,,,,Won,110668,38.96,38.95992339538682,0.0076604613177266,2.0,SPA,Consecutive win
266,14,1,A . Vetriazhagan,M,DMK,76127,42.0,144092,257675,VILLIVAKKAM,GEN,CHENNAI,CHENNAI CITY REGION,24,55.92,52.83,no,37237,25.84,2.7,AETN272940,10192,1.0,,,,,,1.0,False,False,False,Post Graduate,Other,,,,Won,113583,44.08,44.07994566799263,0.0054332007373147,0.0,SPA,Position gained
290,15,1,SIVAKUMAR.P,M,DMK,81727,55.0,133696,220547,THIRU-VI-KA-NAGAR,SC,CHENNAI,CHENNAI CITY REGION,24,60.62,61.13,no,55013,41.15,2.33,AETN272961,10192,1.0,,,,,,1.0,False,False,False,Post Graduate,Liberal Profession or Professional,Lawyer,,,Won,86851,39.38,39.37981473336749,0.0185266632513503,0.0,SPA,Position gained
314,16,1,I.PARANTHAMEN,M,DMK,68832,44.0,119271,195110,EGMORE,SC,CHENNAI,CHENNAI CITY REGION,19,61.13,57.71,no,38768,32.5,2.5,AETN186853,10192,2.0,DMK,10192.0,POONAMALLEE,False,True,1.0,False,False,False,Graduate Professional,Liberal Profession or Professional,Lawyer,,,Won,75839,38.87,38.86986827943211,0.0131720567885906,1.0,SPA,Position gained
333,17,1,MURTHY.R.IDREAM,M,DMK,64424,54.0,121191,193595,ROYAPURAM,GEN,CHENNAI,CHENNAI CITY REGION,27,62.6,53.16,no,27779,22.92,2.7,AETN273000,10192,1.0,,,,,,1.0,False,False,False,10th Pass,Business,,,,Won,72404,37.4,37.39972623259899,0.0273767401012037,0.0,SPA,Position gained
360,18,1,SEKARBABU. P.K,M,DMK,59317,58.0,101650,176353,HARBOUR,GEN,CHENNAI,CHENNAI CITY REGION,29,57.64,58.35,no,27274,26.83,2.27,AETN187143,10192,5.0,DMK,10192.0,HARBOUR,True,True,4.0,False,True,True,10th Pass,Other,,,,Won,74703,42.36,42.35992583057844,0.0074169421559133,1.0,SPA,Consecutive win
389,19,1,UDHAYANIDHI STALIN,M,DMK,93285,43.0,137405,235564,CHEPAUK-THIRUVALLIKENI,GEN,CHENNAI,CHENNAI CITY REGION,27,58.33,67.89,no,69355,50.47,2.04,AETN273048,10192,1.0,,,,,,1.0,False,False,False,Graduate,Social Work,,,,Won,98159,41.67,41.669779762612286,0.0220237387715371,0.0,SPA,Position gained
416,20,1,EZHILAN N,M,DMK,71867,41.0,135940,241671,THOUSAND LIGHTS,GEN,CHENNAI,CHENNAI CITY REGION,21,56.25,52.87,no,32462,23.88,2.7,AETN273071,10192,1.0,,,,,,1.0,False,False,False,Graduate Professional,Liberal Profession or Professional,Doctor,,,Won,105731,43.75,43.74997413839476,0.0025861605237764,0.0,SPA,Position gained
437,21,1,M.K. Mohan,M,DMK,80054,68.0,165096,287974,ANNA NAGAR,GEN,CHENNAI,CHENNAI CITY REGION,24,57.33,48.49,no,27445,16.62,2.86,AETN187210,10192,2.0,DMK,10192.0,ANNA NAGAR,True,True,2.0,False,True,True,8th Pass,Agriculture,,,,Won,122878,42.67,42.66982435914353,0.0175640856468817,0.0,SPA,Consecutive win
461,22,1,AMV.PRABHAKARA RAJA,M,DMK,74351,32.0,169087,293604,VIRUGAMPAKKAM,GEN,CHENNAI,CHENNAI CITY REGION,28,57.59,43.97,no,18367,10.86,3.23,AETN273112,10192,1.0,,,,,,1.0,False,False,False,Post Graduate,Other,,,,Won,124517,42.41,42.40984455252653,0.0155447473467518,0.0,SPA,Position gained
489,23,1,SUBRAMANIAN. MA,M,DMK,80194,61.0,160327,279510,SAIDAPET,GEN,CHENNAI,CHENNAI CITY REGION,31,57.36,50.02,no,29408,18.34,2.78,AETN196363,10192,3.0,DMK,10192.0,SAIDAPET,True,True,2.0,False,True,True,,,,,,Won,119183,42.64,42.63997710278702,0.0022897212978989,1.0,SPA,Consecutive win
520,24,1,KARUNANITHI J,M,DMK,56035,51.0,138114,246676,THEAYAGARAYA NAGAR,GEN,CHENNAI,CHENNAI CITY REGION,15,55.99,40.57,no,137,0.1,3.03,AETN273161,10192,1.0,,,,,,1.0,False,False,False,8th Pass,Business,,,,Won,108562,44.01,44.00995638002886,0.0043619971137331,0.0,SPA,Position gained
535,25,1,VELU.DHA,M,DMK,68392,50.0,153430,271077,MYLAPORE,GEN,CHENNAI,CHENNAI CITY REGION,24,56.6,44.58,no,12633,8.23,2.94,AETN273177,10192,1.0,,,,,,1.0,False,False,False,,,,,,Won,117647,43.4,43.39984580027077,0.0154199729230697,0.0,SPA,Position gained
559,26,1,JMH.AASSAN MAULAANA,M,INC,68493,36.0,176714,314549,VELACHERY,GEN,CHENNAI,CHENNAI CITY REGION,24,56.18,38.76,no,4352,2.46,3.23,AETN273196,3482,1.0,,,,,,1.0,False,False,False,Post Graduate,Business,Real Estate or Builder or Developer or Construction,,,Won,137835,43.82,43.81988179902018,0.011820097981996,0.0,SPA,Position gained
583,27,1,S.ARAVINDRAMESH,M,DMK,171558,53.0,388355,699612,SHOZHINGANALLUR,GEN,KANCHIPURAM,CHENNAI CITY REGION,27,55.51,44.18,no,35405,9.12,2.94,AETN187342,10192,2.0,DMK,10192.0,SHOZHINGANALLUR,True,True,2.0,False,True,True,8th Pass,Business,,,,Won,311257,44.49,44.48994585570287,0.0054144297131131,0.0,SPA,Consecutive win
610,28,1,T.M.Anbarasan,M,DMK,116785,61.0,237751,390909,ALANDUR,GEN,KANCHIPURAM,CHENNAI CITY REGION,26,60.82,49.12,no,40571,17.06,2.86,AETN193697,10192,4.0,DMK,10192.0,ALANDUR,True,True,3.0,False,True,True,,,,,,Won,153158,39.18,39.1799625999913,0.0037400008700672,1.0,SPA,Consecutive win
636,29,1,SELVAPERUNTHAGAI,M,INC,115353,60.0,264262,357400,SRIPERUMBUDUR,SC,KANCHIPURAM,CHENNAI CITY REGION,16,73.94,43.65,no,10879,4.12,2.78,AETN191390,3482,3.0,INC,3482.0,SRIPERUMBUDUR,True,True,1.0,False,False,True,Graduate Professional,Business,,Social Work,,Won,93138,26.06,26.059876888640176,0.0123111359826566,2.0,SPA,Position gained
652,30,1,KARUNANITHI,M,DMK,126427,62.0,266194,437387,PALLAVARAM,GEN,KANCHIPURAM,CHENNAI CITY REGION,23,60.86,47.49,no,37781,14.19,2.78,AETN273278,10192,1.0,,,,,,1.0,False,False,False,10th Pass,Business,,Social Work,,Won,171193,39.14,39.139937858235385,0.006214176461583,0.0,SPA,Position gained
675,31,1,Raja.S.R,M,DMK,116840,64.0,248968,418082,TAMBARAM,GEN,KANCHIPURAM,CHENNAI CITY REGION,23,59.55,46.93,no,36824,14.79,2.94,AETN187400,10192,4.0,DMK,10192.0,TAMBARAM,True,True,3.0,False,True,True,8th Pass,Business,,,,Won,169114,40.45,40.4499595773078,0.0040422692201502,1.0,SPA,Consecutive win
698,32,1,VARALAKSHMI.M,F,DMK,130573,47.0,274087,431361,CHENGALPATTU,GEN,KANCHIPURAM,CHENNAI CITY REGION,14,63.54,47.64,no,26665,9.73,2.63,AETN271850,10192,2.0,DMK,10192.0,CHENGALPATTU,True,True,2.0,False,True,True,Others,Business,Rent,Agriculture,,Won,157274,36.46,36.45994885953992,0.0051140460080034,0.0,SPA,Consecutive win
712,33,1,S.S.Balaji,M,VCK,93954,51.0,226729,296921,THIRUPORUR,GEN,KANCHIPURAM,CHENNAI CITY REGION,12,76.36,41.44,no,1947,0.86,2.94,AETN273327,8488,1.0,,,,,,1.0,False,False,False,Graduate Professional,Liberal Profession or Professional,Lawyer,,,Won,70192,23.64,23.63995810333388,0.0041896666118645,0.0,SPA,Position gained
724,34,1,Babu M,M,VCK,82750,44.0,179120,229994,CHEYYUR,SC,KANCHIPURAM,CHENNAI CITY REGION,10,77.88,46.2,no,4042,2.26,2.5,AETN273338,8488,1.0,,,,,,1.0,False,False,False,Graduate,Business,Real Estate or Builder or Developer or Construction,Small Business or Self-employed,,Won,50874,22.120000000000005,22.119707470629667,0.0292529370337746,0.0,SPA,Position gained
734,35,1,Maragatham. K,F,ADMK,86646,38.0,185842,230430,MADURANTHAKAM,SC,KANCHIPURAM,CHENNAI CITY REGION,11,80.65,46.62,no,3570,1.92,2.38,GETN15759,930,1.0,,,,,,1.0,False,False,False,Post Graduate,Politics,Party Worker,,,Won,44588,19.349999999999994,19.349911035889424,0.0088964110570799,0.0,NDA,Position gained
745,36,1,SUNDAR K,M,DMK,93427,66.0,210529,262832,UTHIRAMERUR,GEN,KANCHIPURAM,CHENNAI CITY REGION,21,80.1,44.38,no,1622,0.77,2.56,AETN202640,10192,7.0,DMK,10192.0,UTHIRAMERUR,True,True,5.0,False,True,True,Graduate,Business,Agricultural Business,Liberal Profession or Professional,Film Director,Won,52303,19.90000000000001,19.899783892372312,0.0216107627693418,2.0,SPA,Consecutive win
766,37,1,C.V.M.P. Ezhailzrasan,M,DMK,102712,49.0,229432,313089,KANCHEEPURAM,GEN,KANCHIPURAM,CHENNAI CITY REGION,16,73.28,44.77,no,11595,5.05,2.78,AETN273370,10192,1.0,,,,,,1.0,False,False,False,Graduate Professional,Liberal Profession or Professional,Lawyer,,,Won,83657,26.72,26.71987837324211,0.0121626757888293,0.0,SPA,Position gained
782,38,1,S.RAVI,M,ADMK,85399,57.0,171412,228885,ARAKONAM,SC,VELLORE,CHENNAI CITY REGION,14,74.89,49.82,no,27169,15.85,2.63,AETN187503,930,4.0,ADMK,930.0,ARAKKONAM,True,True,3.0,False,True,True,Graduate Professional,Liberal Profession or Professional,Lawyer,,,Won,57473,25.11,25.109989732835263,0.0010267164736177,1.0,NDA,Consecutive win
796,39,1,A.M.MUNIRATHINAM,M,INC,110228,65.0,224109,279821,SHOLINGHUR,GEN,VELLORE,CHENNAI CITY REGION,19,80.09,49.18,no,26698,11.91,2.63,AETN205324,3482,6.0,INC,3482.0,SHOLINGUR,False,True,4.0,False,False,False,10th Pass,Business,Transport,,,Won,55712,19.91,19.90987095321652,0.0129046783474251,2.0,SPA,Position gained
815,40,1,DURAIMURUGAN,M,DMK,85140,83.0,186246,251683,KATPADI,GEN,VELLORE,CHENNAI CITY REGION,16,74.0,45.71,no,746,0.4,2.38,AETN271302,10192,12.0,DMK,10192.0,KATPADI,True,True,10.0,False,True,True,Post Graduate,Social Work,,,,Won,65437,26.0,25.99976955138011,0.0230448619891632,2.0,SPA,Consecutive win
831,41,1,R.GANDHI,M,DMK,103291,75.0,207462,268593,RANIPET,GEN,VELLORE,CHENNAI CITY REGION,15,77.24,49.79,no,16498,7.95,2.33,AETN193881,10192,6.0,DMK,10192.0,RANIPET,True,True,4.0,False,True,True,10th Pass,Business,Agricultural Business,,,Won,61131,22.760000000000005,22.759714512291836,0.0285487708172382,2.0,SPA,Consecutive win
846,42,1,J.L.Eswarappan,M,DMK,103885,42.0,209791,263490,ARCOT,GEN,VELLORE,CHENNAI CITY REGION,13,79.62,49.52,no,19958,9.51,2.44,AETN187562,10192,2.0,DMK,10192.0,ARCOT,True,True,2.0,False,True,True,Graduate Professional,Other,,,,Won,53699,20.379999999999995,20.37990056548636,0.0099434513639806,0.0,SPA,Consecutive win
859,43,1,Karthikeyan .P,M,DMK,84299,59.0,179899,256083,VELLORE,GEN,VELLORE,CHENNAI CITY REGION,18,70.25,46.86,no,9181,5.1,2.56,AETN273442,10192,1.0,,,,,,1.0,False,False,False,5th Pass,Other,,,,Won,76184,29.75,29.749729579862777,0.0270420137223226,0.0,SPA,Position gained
877,44,1,A.P.Nandakumar,M,DMK,95159,52.0,197805,256722,ANAIKATTU,GEN,VELLORE,CHENNAI CITY REGION,14,77.05,48.11,no,6360,3.22,2.33,AETN187592,10192,2.0,DMK,10192.0,ANAIKATTU,True,True,2.0,False,True,True,12th Pass,Business,Hospitality,,,Won,58917,22.950000000000003,22.94972772103677,0.0272278963237226,0.0,SPA,Consecutive win
891,45,1,M.JAGAN MOORTHY,M,ADMK,84579,54.0,174124,227613,KILVAITHINANKUPPAM,SC,VELLORE,CHENNAI CITY REGION,11,76.5,48.57,no,10582,6.08,2.38,AETN193859,930,3.0,PB,6276.0,POONMALLAE,False,False,2.0,True,False,False,12th Pass,Social Work,,,,Won,53489,23.5,23.499975836178077,0.0024163821926492,1.0,NDA,Position gained
902,46,1,Amulu.V,F,DMK,100412,39.0,211630,291662,GUDIYATHAM,SC,VELLORE,CHENNAI CITY REGION,16,72.56,47.45,no,6901,3.26,2.33,AETN273479,10192,1.0,,,,,,1.0,False,False,False,8th Pass,Other,Household,,,Won,80032,27.44,27.439981896853205,0.001810314679318,0.0,SPA,Position gained
918,47,1,G.SENDHIL KUMAR,M,ADMK,88018,36.0,189997,251485,VANIAYAMBADI,GEN,VELLORE,CHENNAI CITY REGION,14,75.55,46.33,no,4904,2.58,2.5,AETN273492,930,1.0,,,,,,1.0,False,False,False,Graduate Professional,Business,Contractor,,,Won,61488,24.450000000000003,24.44996719486252,0.0032805137486491,0.0,NDA,Position gained
932,48,1,VILWANATHAN.A.C,M,DMK,90476,61.0,177878,240343,AMBUR,GEN,VELLORE,CHENNAI CITY REGION,14,74.01,50.86,no,20232,11.37,2.38,AETN276303,10192,2.0,DMK,10192.0,AMBUR,True,True,2.0,False,True,True,10th Pass,Agriculture,,,,Won,62465,25.989999999999995,25.98993937830517,0.0060621694824902,0.0,SPA,Consecutive win
946,49,1,DEVARAJI.K.,M,DMK,89490,64.0,196358,242477,JOLARPET,GEN,VELLORE,CHENNAI CITY REGION,14,80.98,45.57,no,1091,0.56,2.44,AETN273517,10192,1.0,,,,,,1.0,False,False,False,8th Pass,Agriculture,,,,Won,46119,19.02,19.019948283754747,0.0051716245248911,0.0,SPA,Position gained
960,50,1,A. NALLATHAMBI,M,DMK,96522,45.0,185930,241561,TIRUPPATTUR,GEN,VELLORE,CHENNAI CITY REGION,16,76.97,51.91,no,28240,15.19,2.5,AETN187684,10192,2.0,DMK,10192.0,TIRUPATTUR,True,True,2.0,False,True,True,10th Pass,Business,,,,Won,55631,23.03,23.02979371670096,0.0206283299043263,0.0,SPA,Consecutive win
976,51,1,T.M.TAMILSELVAM,M,ADMK,99675,48.0,188223,240172,UTHANGARAI,SC,KRISHNAGIRI,WESTERN REGION,13,78.37,52.96,no,28387,15.08,2.38,AETN273542,930,1.0,,,,,,1.0,False,False,False,10th Pass,Business,,Agriculture,,Won,51949,21.629999999999995,21.629915227420348,0.0084772579647562,0.0,NDA,Position gained
989,52,1,MATHIAZHAGAN D,M,DMK,97256,54.0,197784,250106,BARGUR,GEN,KRISHNAGIRI,WESTERN REGION,15,79.08,49.17,no,12614,6.38,2.38,AETN273555,10192,1.0,,,,,,1.0,False,False,False,Graduate,Business,,,,Won,52322,20.92,20.919929949701327,0.0070050298674573,0.0,SPA,Position gained
1004,53,1,Ashokkumar.K,M,ADMK,96050,68.0,211648,269615,KRISHNAGIRI,GEN,KRISHNAGIRI,WESTERN REGION,16,78.5,45.38,no,794,0.38,2.44,GETN10034,930,1.0,,,,,,1.0,False,False,False,10th Pass,Business,,,,Won,57967,21.5,21.499916547669827,0.0083452330173372,0.0,NDA,Position gained
1020,54,1,K.P.Munusamy,M,ADMK,94104,68.0,205141,252294,VEPPANAHALLI,GEN,KRISHNAGIRI,WESTERN REGION,16,81.31,45.87,no,3054,1.49,2.44,AETN191297,930,7.0,ADMK,930.0,PENNAGARAM,False,True,4.0,False,False,True,Graduate Professional,Liberal Profession or Professional,Lawyer,Agriculture,,Won,47153,18.69,18.689703282678146,0.0296717321852213,3.0,NDA,Position gained
1036,55,1,PRAKAASH Y,M,DMK,118231,56.0,248098,353970,HOSUR,GEN,KRISHNAGIRI,WESTERN REGION,19,70.09,47.65,no,12367,4.98,2.44,AETN273592,10192,1.0,,,,,,1.0,False,False,False,10th Pass,Business,Manufacturer,Agriculture,,Won,105872,29.91,29.90987936830805,0.012063169194576,0.0,SPA,Position gained
1055,56,1,RAMACHANDRAN.T,M,CPI,120641,53.0,194022,251780,THALLI,GEN,KRISHNAGIRI,WESTERN REGION,13,77.06,62.18,no,56226,28.98,2.0,AETN271718,2444,3.0,CPI,2444.0,THALLI,True,True,3.0,False,False,False,Graduate Professional,Social Work,,,,Won,57758,22.94,22.939868138851377,0.0131861148620515,0.0,SPA,Position gained
1068,57,1,ANBALAGAN.K.P.,M,ADMK,110070,62.0,206595,236459,PALACODE,GEN,DHARMAPURI,WESTERN REGION,13,87.37,53.28,no,28100,13.6,2.27,AETN250010,930,5.0,ADMK,930.0,PALACODE,True,True,5.0,False,True,True,12th Pass,Politics,Party Worker,Agriculture,,Won,29864,12.629999999999995,12.629673643210872,0.0326356789122073,0.0,NDA,Consecutive win
1081,58,1,MANI. G.K,M,PMK,106123,69.0,210305,247417,PENNAGARAM,GEN,DHARMAPURI,WESTERN REGION,16,85.0,50.46,no,21186,10.07,2.44,AETN203123,11891,7.0,PMK,11891.0,METTUR,False,True,4.0,False,False,True,12th Pass,Politics,Party Worker,,,Won,37112,15.0,14.99977770322977,0.0222296770230556,3.0,NDA,Position gained
1097,59,1,VENKATESHWARAN.S.P.,M,PMK,105630,54.0,217333,272723,DHARMAPURI,GEN,DHARMAPURI,WESTERN REGION,22,79.69,48.6,no,26860,12.36,2.7,AETN273646,11891,1.0,,,,,,1.0,False,False,False,Graduate,Agriculture,,,,Won,55390,20.31,20.309984856429416,0.0015143570585962,0.0,NDA,Position gained
1119,60,1,GOVINDASAMY.A,M,ADMK,114507,49.0,220994,269012,PAPPIREDDIPPATTI,GEN,DHARMAPURI,WESTERN REGION,16,82.15,51.81,no,36943,16.72,2.5,AETN276465,930,2.0,ADMK,,PAPPIREDDIPPATTI,False,True,2.0,False,True,True,12th Pass,Agriculture,,,,Won,48018,17.849999999999994,17.84976134893611,0.0238651063884987,0.0,NDA,Consecutive win
1135,61,1,SAMPATHKUMAR.V,M,ADMK,99061,46.0,198565,253078,HARUR,SC,DHARMAPURI,WESTERN REGION,14,78.46,49.89,no,30362,15.29,2.63,AETN276399,930,2.0,ADMK,,HARUR,True,True,2.0,False,True,True,Graduate Professional,Other,,,,Won,54513,21.540000000000006,21.53999952583788,4.741621246751038e-05,0.0,NDA,Consecutive win
1149,62,1,GIRI.M.P,M,DMK,108081,46.0,223950,277646,CHENGAM,SC,TIRUVANNAMALAI,CHENNAI CITY REGION,16,80.66,48.26,no,11570,5.17,2.38,AETN187867,10192,2.0,DMK,10192.0,CHENGAM,True,True,2.0,False,True,True,12th Pass,Business,,Agriculture,,Won,53696,19.340000000000003,19.33973477017497,0.026522982503252,0.0,SPA,Consecutive win
1165,63,1,E V VELU,M,DMK,137876,71.0,208836,291304,TIRUVANNAMALAI,GEN,TIRUVANNAMALAI,CHENNAI CITY REGION,16,71.69,66.02,no,94673,45.33,2.08,AETN193966,10192,3.0,DMK,10192.0,TIRUVANNAMALAI,True,True,3.0,False,False,False,Post Graduate,Politics,Party Worker,Agriculture,,Won,82468,28.31,28.309944250679703,0.0055749320299725,0.0,SPA,Position gained
1181,64,1,K.Pitchandi,M,DMK,104675,67.0,203886,256945,KILPENNATHUR,GEN,TIRUVANNAMALAI,CHENNAI CITY REGION,22,79.35,51.34,no,26787,13.14,2.44,AETN187903,10192,8.0,DMK,10192.0,KILPENNATHUR,True,True,6.0,False,True,True,Post Graduate,Agriculture,,,,Won,53059,20.65000000000001,20.649944540660453,0.0055459339552754,2.0,SPA,Consecutive win
1203,65,1,Saravanan.P.S.T,M,DMK,94134,52.0,196434,244442,KALASAPAKKAM,GEN,TIRUVANNAMALAI,CHENNAI CITY REGION,16,80.36,47.92,no,9222,4.69,2.38,AETN273725,10192,1.0,,,,,,1.0,False,False,False,Post Graduate,Agriculture,,,,Won,48008,19.64,19.639832761963984,0.0167238036016925,0.0,SPA,Position gained
1219,66,1,Agri KRISHNAMURTHY. S S,M,ADMK,97732,61.0,202012,245368,POLUR,GEN,TIRUVANNAMALAI,CHENNAI CITY REGION,16,82.33,48.38,no,9725,4.81,2.38,GETN270055,930,4.0,ADMK,930.0,KALASAPAKKAM,False,True,3.0,False,False,False,Graduate Professional,Agriculture,,,,Won,43356,17.67,17.66978579113821,0.0214208861791576,1.0,NDA,Position gained
1235,67,1,S.RAMACHANDRAN,M,ADMK,102961,63.0,221422,277332,ARANI,GEN,TIRUVANNAMALAI,CHENNAI CITY REGION,16,79.84,46.5,no,3128,1.41,2.38,AETN271735,930,2.0,ADMK,930.0,ARANI,True,True,2.0,False,True,True,12th Pass,Small Business or Self-employed,,,,Won,55910,20.16,20.15995269208025,0.0047307919746941,0.0,NDA,Consecutive win
1251,68,1,JOTHI. O,M,DMK,102460,50.0,214460,262529,CHEYYAR,GEN,TIRUVANNAMALAI,CHENNAI CITY REGION,16,81.69,47.78,no,12271,5.72,2.44,AETN273765,10192,1.0,,,,,,1.0,False,False,False,Graduate,Agriculture,,,,Won,48069,18.31,18.309977183473062,0.0022816526939806,0.0,SPA,Position gained
1267,69,1,Ambethkumar S,M,DMK,102064,44.0,185974,242122,VANDAVASI,SC,TIRUVANNAMALAI,CHENNAI CITY REGION,12,76.81,54.88,no,35953,19.33,2.33,AETN187994,10192,2.0,DMK,10192.0,VANDAVASI,True,True,2.0,False,True,True,,,,,,Won,56148,23.19,23.18996208522976,0.0037914770238955,0.0,SPA,Consecutive win
1279,70,1,MASTHAN K S,M,DMK,109625,65.0,206880,264518,GINGEE,GEN,VILLUPURAM,CHENNAI CITY REGION,14,78.21,52.99,no,35803,17.31,2.44,AETN188006,10192,2.0,DMK,10192.0,GINGEE,True,True,2.0,False,True,True,8th Pass,Agriculture,,,,Won,57638,21.790000000000006,21.78982148662851,0.0178513371494659,0.0,SPA,Consecutive win
1293,71,1,SIVAKUMAR C,M,PMK,81044,47.0,176989,222627,MAILAM,GEN,VILLUPURAM,CHENNAI CITY REGION,15,79.5,45.79,no,2230,1.26,2.44,AETN273802,11891,1.0,,,,,,1.0,False,False,False,8th Pass,Agriculture,,,,Won,45638,20.5,20.4997596877288,0.0240312271198916,0.0,NDA,Position gained
1308,72,1,ARJUNAN P,M,ADMK,87152,51.0,182538,232740,TINDIVANAM,SC,VILLUPURAM,CHENNAI CITY REGION,16,78.43,47.74,no,9753,5.34,2.44,AETN273812,930,1.0,,,,,,1.0,False,False,False,10th Pass,Agriculture,,,,Won,50202,21.569999999999997,21.56999226604795,0.0007733952042343,0.0,NDA,Position gained
1324,73,1,CHAKRAPANI M,M,ADMK,92219,66.0,182208,228359,VANUR,SC,VILLUPURAM,CHENNAI CITY REGION,8,79.79,50.61,no,21727,11.92,2.44,AETN271356,930,3.0,ADMK,930.0,VANUR,True,True,2.0,False,True,True,Graduate,Politics,MLA,,,Won,46151,20.209999999999997,20.20984502471985,0.0154975280143077,1.0,NDA,Consecutive win
1332,74,1,LAKSHMANAN R,M,DMK,102271,49.0,204860,266155,VILLUPURAM,GEN,VILLUPURAM,CHENNAI CITY REGION,26,76.97,49.92,no,14868,7.26,2.33,AETN273830,10192,1.0,,,,,,1.0,False,False,False,Graduate Professional,Liberal Profession or Professional,Doctor,Politics,Ex MP,Won,61295,23.03,23.029813454565947,0.0186545434054608,0.0,SPA,Position gained
1358,75,1,PUGAZHENTHI N,M,DMK,93730,66.0,193617,237887,VIKRAVANDI,GEN,VILLUPURAM,CHENNAI CITY REGION,15,81.39,48.41,no,9573,4.94,2.38,AETN276721,10192,2.0,DMK,10192.0,VIKRAVANDI,True,True,1.0,False,False,True,8th Pass,Agriculture,,,,Won,44270,18.61,18.60967602264941,0.0323977350589643,1.0,SPA,Position gained
1373,76,1,K.PONMUDY,M,DMK,110980,70.0,196217,257266,TIRUKKOYILUR,GEN,VILLUPURAM,CHENNAI CITY REGION,15,76.27,56.56,no,59680,30.42,2.5,AETN188093,10192,5.0,DMK,10192.0,TIRUKKOYILUR,True,True,4.0,False,True,True,Doctorate,Politics,Party Worker,,,Won,61049,23.730000000000004,23.729913785731497,0.0086214268506523,1.0,SPA,Consecutive win
1388,77,1,MANIKANNAN A J,M,DMK,115451,57.0,244853,296360,ULUNDURPET,GEN,VILLUPURAM,CHENNAI CITY REGION,16,82.62,47.15,no,5256,2.15,2.38,AETN199170,10192,3.0,DMK,10192.0,THIRUNAVALUR,False,True,2.0,False,False,False,10th Pass,Business,Rent,,,Won,51507,17.379999999999995,17.379875826697262,0.012417330273351,1.0,SPA,Position gained
1404,78,1,KARTHIKEYAN K,M,DMK,113912,43.0,215106,268278,RISHIVANDIAM,GEN,VILLUPURAM,CHENNAI CITY REGION,16,80.18,52.96,no,41728,19.4,2.56,AETN188132,10192,2.0,DMK,10192.0,RISHIVANDIYAM,True,True,2.0,False,True,True,Graduate Professional,Business,,,,Won,53172,19.819999999999997,19.819739225728537,0.0260774271456654,0.0,SPA,Consecutive win
1420,79,1,UDHAYASURIYAN T,M,DMK,121186,57.0,215802,271176,SANKARAPURAM,GEN,VILLUPURAM,CHENNAI CITY REGION,20,79.58,56.16,no,45963,21.3,2.27,AETN199350,10192,6.0,DMK,10192.0,SANKARAPURAM,True,True,4.0,False,True,True,Graduate,Agriculture,,,,Won,55374,20.42,20.41994866802372,0.0051331976283819,2.0,SPA,Consecutive win
1440,80,1,Senthilkumar.M,M,ADMK,110643,43.0,225858,288968,KALLAKURICHI,SC,VILLUPURAM,CHENNAI CITY REGION,18,78.16,48.99,no,25891,11.46,2.56,AETN272305,930,2.0,IND,10809.0,KALLAKURICHI,True,False,1.0,False,False,False,12th Pass,Business,,,,Won,63110,21.840000000000003,21.83978848869079,0.0211511309213818,1.0,NDA,Position gained
1458,81,1,"NALLATHAMBI,A.",M,ADMK,89568,56.0,186503,241866,GANGAVALLI,SC,SALEM,WESTERN REGION,12,77.11,48.02,no,7361,3.95,2.38,AETN273936,930,1.0,,,,,,1.0,False,False,False,5th Pass,Agriculture,,,,Won,55363,22.89,22.88994732620542,0.0052673794581181,0.0,NDA,Position gained
1470,82,1,"JAYASANKARAN, A.P.",M,ADMK,95308,50.0,199743,258533,ATTUR,SC,SALEM,WESTERN REGION,12,77.26,47.72,no,8257,4.13,2.38,AETN273947,930,1.0,,,,,,1.0,False,False,False,,,,,,Won,58790,22.739999999999995,22.739843656322403,0.0156343677591763,0.0,NDA,Position gained
1482,83,1,G. Chitra,F,ADMK,121561,40.0,238924,287548,YERCAUD,ST,SALEM,WESTERN REGION,14,83.09,50.88,no,25955,10.86,2.38,AETN188210,930,2.0,ADMK,930.0,YERCAUD,True,True,2.0,False,True,True,5th Pass,Other,,,,Won,48624,16.909999999999997,16.9098724386885,0.0127561311497714,0.0,NDA,Consecutive win
1496,84,1,R.MANI,M,ADMK,142488,43.0,249027,299023,OMALUR,GEN,SALEM,WESTERN REGION,16,83.28,57.22,no,55294,22.2,2.22,AETN273967,930,1.0,,,,,,1.0,False,False,False,Graduate Professional,Agriculture,,,,Won,49996,16.72,16.719784096875493,0.02159031245057,0.0,NDA,Position gained
1512,85,1,SADHASIVAM.S,M,PMK,97055,54.0,218442,291217,METTUR,GEN,SALEM,WESTERN REGION,15,75.01,44.43,no,656,0.3,2.56,AETN273983,11891,1.0,,,,,,1.0,False,False,False,Post Graduate,Small Business or Self-employed,Self-employed,,,Won,72775,24.989999999999995,24.989955943506047,0.0044056493948119,0.0,NDA,Position gained
1527,86,1,EDAPPADI PALANISWAMI. K,M,ADMK,163154,67.0,247301,288768,EDAPADI,GEN,SALEM,WESTERN REGION,29,85.64,65.97,no,93802,37.93,1.92,AETN273995,930,1.0,,,,,,1.0,False,False,False,Graduate,Agriculture,,,,Won,41467,14.36,14.359970633865249,0.0029366134750574,0.0,NDA,Position gained
1556,87,1,"SUNDARARAJAN, S.",M,ADMK,115472,49.0,232247,277442,SANKARI,GEN,SALEM,WESTERN REGION,24,83.71,49.72,no,20045,8.63,2.38,AETN274021,930,1.0,,,,,,1.0,False,False,False,Graduate,Business,,Agriculture,,Won,45195,16.290000000000006,16.28989122050735,0.0108779492656196,0.0,NDA,Position gained
1580,88,1,ARUL. R,M,PMK,105483,49.0,216628,301668,SALEM (West),GEN,SALEM,WESTERN REGION,29,71.81,48.69,no,21499,9.92,2.56,AETN274046,11891,1.0,,,,,,1.0,False,False,False,,,,,,Won,85040,28.19,28.18993065224021,0.0069347759783511,0.0,NDA,Position gained
1609,89,1,R. RAJENDRAN,M,DMK,93432,61.0,202376,280532,SALEM (North),GEN,SALEM,WESTERN REGION,21,72.14,46.17,no,7588,3.75,2.56,AETN271051,10192,4.0,DMK,10192.0,SALEM (NORTH),True,True,3.0,False,True,True,Graduate Professional,Liberal Profession or Professional,Lawyer,,,Won,78156,27.86,27.859923288608783,0.0076711391216122,1.0,SPA,Consecutive win
1630,90,1,E.BALASUBRAMANIAN,M,ADMK,97506,60.0,199982,263134,SALEM (South),GEN,SALEM,WESTERN REGION,25,76.0,48.76,no,22609,11.31,2.63,AETN274090,930,1.0,,,,,,1.0,False,False,False,Graduate,Business,,,,Won,63152,24.0,23.99993919447886,0.0060805521140849,0.0,NDA,Position gained
1655,91,1,"RAJAMUTHU, M.",M,ADMK,111682,52.0,223702,261212,VEERAPANDI,GEN,SALEM,WESTERN REGION,21,85.64,49.92,no,19895,8.89,2.38,AETN274112,930,1.0,,,,,,1.0,False,False,False,Graduate,Business,Real Estate or Builder or Developer or Construction,,,Won,37510,14.36,14.359983461709264,0.0016538290735113,0.0,NDA,Position gained
1676,92,1,MATHIVENTHAN M,M,DMK,90727,36.0,196904,239980,RASIPURAM,SC,NAMAKKAL,WESTERN REGION,16,82.05,46.08,no,1952,0.99,2.44,AETN274129,10192,1.0,,,,,,1.0,False,False,False,Graduate,Liberal Profession or Professional,Doctor,,,Won,43076,17.950000000000003,17.94982915242937,0.0170847570633014,0.0,SPA,Position gained
1692,93,1,PONNUSAMY K,M,DMK,90681,69.0,199235,246181,SENDAMANGALAM,ST,NAMAKKAL,WESTERN REGION,16,80.93,45.51,no,10493,5.27,2.7,AETN188385,10192,4.0,DMK,10192.0,SENTHAMANGALAM,True,True,2.0,False,False,True,8th Pass,Agriculture,,,,Won,46946,19.069999999999997,19.069708872739977,0.0291127260016565,2.0,SPA,Position gained
1708,94,1,RAMALINGAM P,M,DMK,106494,55.0,206759,263152,NAMAKKAL,GEN,NAMAKKAL,WESTERN REGION,27,78.57,51.51,no,27861,13.48,2.44,AETN274159,10192,1.0,,,,,,1.0,False,False,False,Post Graduate,Business,Transport,Salaried Work or Employed,Qualified Professional,Won,56393,21.430000000000007,21.429820027968628,0.0179972031379094,0.0,SPA,Position gained
1735,95,1,SEKAR S,M,ADMK,86034,50.0,183697,226395,PARAMATHI-VELUR,GEN,NAMAKKAL,WESTERN REGION,28,81.14,46.83,no,7662,4.17,2.5,AETN274179,930,1.0,,,,,,1.0,False,False,False,Graduate Professional,Salaried Work or Employed,Engineer,Politics,Party Worker,Won,42698,18.86,18.8599571545308,0.0042845469199193,0.0,NDA,Position gained
1763,96,1,ESWARAN E R,M,DMK,81688,60.0,184669,234619,TIRUCHENGODE,GEN,NAMAKKAL,WESTERN REGION,29,78.71,44.23,no,2862,1.55,2.56,AETN191997,10192,3.0,KNMK,11384.0,SULUR,False,False,1.0,True,False,False,Graduate,Business,,,,Won,49950,21.290000000000006,21.28983586154574,0.0164138454266549,2.0,SPA,Position gained
1792,97,1,THANGAMANI.P,M,ADMK,100800,60.0,201925,256087,KUMARAPALAYAM,GEN,NAMAKKAL,WESTERN REGION,30,78.85,49.92,no,31646,15.67,2.7,AETN272532,930,4.0,ADMK,930.0,KUMARAPALAYAM,True,True,4.0,False,True,True,10th Pass,Salaried Work or Employed,,Agriculture,,Won,54162,21.15000000000001,21.1498436078364,0.0156392163606966,0.0,NDA,Consecutive win
1822,98,1,"THIRUMAHAN EVERAA,E.",M,INC,67300,45.0,152037,229524,ERODE (East),GEN,ERODE,WESTERN REGION,15,66.24,44.27,no,8904,5.86,2.78,AETN274259,3482,1.0,,,,,,1.0,False,False,False,Graduate,Small Business or Self-employed,Self-employed,,,Won,77487,33.760000000000005,33.75986824907199,0.0131750928012763,0.0,SPA,Position gained
1837,99,1,Muthusamy S,M,DMK,100757,71.0,205579,296394,ERODE (West),GEN,ERODE,WESTERN REGION,16,69.36,49.01,no,22089,10.74,2.56,AETN191807,10192,8.0,DMK,10192.0,ERODE (WEST),True,True,5.0,False,False,True,Post Graduate,Agriculture,,,,Won,90815,30.64,30.63995897352848,0.0041026471521377,3.0,SPA,Position gained
1853,100,1,SARASWATHI.C,F,BJP,78125,76.0,181857,241638,MODAKURICHI,GEN,ERODE,WESTERN REGION,16,75.26,42.96,no,281,0.15,2.7,AETN274284,1605,1.0,,,,,,1.0,False,False,False,Graduate Professional,Liberal Profession or Professional,Doctor,,,Won,59781,24.739999999999995,24.73990018126288,0.0099818737115953,0.0,NDA,Position gained
1869,101,1,KAYALVIZHI N,F,DMK,89986,52.0,193991,261619,DHARAPURAM,SC,ERODE,WESTERN REGION,15,74.15,46.39,no,1393,0.72,2.33,AETN274297,10192,1.0,,,,,,1.0,False,False,False,Post Graduate,Other,Household,,,Won,67628,25.849999999999994,25.84980448667719,0.019551332280443,0.0,SPA,Position gained
1884,102,1,SAMINATHAN.M.P,M,DMK,94197,57.0,199818,258865,KANGAYAM,GEN,ERODE,WESTERN REGION,27,77.19,47.14,no,7331,3.67,2.44,AETN192085,10192,6.0,DMK,10192.0,TIRUPPUR (NORTH),False,True,4.0,False,False,True,Graduate,Business,,Agriculture,,Won,59047,22.81,22.80995885886466,0.0041141135341149,2.0,SPA,Position gained
1911,103,1,"JAYAKUMAR, S.",M,ADMK,85125,41.0,189843,229834,PERUNDURAI,GEN,ERODE,WESTERN REGION,26,82.6,44.84,no,14507,7.64,2.94,AETN274337,930,1.0,,,,,,1.0,False,False,False,Others,Business,,,,Won,39991,17.400000000000006,17.399949528790344,0.0050471209661395,0.0,NDA,Position gained
1937,104,1,KARUPPANAN.K.C,M,ADMK,100915,64.0,201385,241179,BHAVANI,GEN,ERODE,WESTERN REGION,15,83.5,50.11,no,22523,11.18,2.5,AETN188569,930,4.0,ADMK,930.0,BHAVANI,True,True,3.0,False,True,True,10th Pass,Agriculture,,,,Won,39794,16.5,16.499778173058186,0.0221826941814384,1.0,NDA,Consecutive win
1952,105,1,VENKATACHALAM.A.G,M,DMK,79096,61.0,176385,221338,ANTHIYUR,GEN,ERODE,WESTERN REGION,21,79.69,44.84,no,1275,0.72,2.56,AETN188585,10192,2.0,DMK,10192.0,ANTHIYUR,True,True,1.0,False,False,True,10th Pass,Agriculture,,,,Won,44953,20.31,20.30966214567765,0.0337854322349784,1.0,SPA,Position gained
1973,106,1,SENGOTTAIYAN K.A,M,ADMK,108608,73.0,214281,259671,GOBICHETTIPALAYAM,GEN,TIRUPUR,WESTERN REGION,20,82.52,50.68,no,28563,13.33,2.5,AETN211232,930,10.0,ADMK,930.0,GOBICHETTIPALAYAM,True,True,9.0,False,True,True,10th Pass,Agriculture,,Social Work,,Won,45390,17.480000000000004,17.47981099160091,0.0189008399093637,1.0,NDA,Consecutive win
1993,107,1,A.Bannari,M,ADMK,99181,41.0,200567,259230,BHAVANISAGAR,SC,TIRUPUR,WESTERN REGION,7,77.37,49.45,no,16008,7.98,2.44,AETN274404,930,1.0,,,,,,1.0,False,False,False,Graduate,Agriculture,,,,Won,58663,22.629999999999995,22.62971106739189,0.028893260810392,0.0,NDA,Position gained
2000,108,1,"GANESH, R.",M,INC,65530,58.0,141102,208053,UDHAGAMANDALAM,GEN,TIRUPUR,WESTERN REGION,10,67.82,46.44,no,5348,3.79,2.5,AETN188628,3482,3.0,INC,3482.0,UDHAGAMANDALAM,True,True,2.0,False,True,True,Post Graduate,Politics,Ex MLA,,,Won,66951,32.18000000000001,32.179781113466284,0.021888653372315,1.0,SPA,Consecutive win
2010,109,1,PON.JAYASEELAN,M,ADMK,64496,48.0,138257,191624,GUDALUR,SC,TIRUPUR,WESTERN REGION,8,72.15,46.65,no,1945,1.41,2.38,AETN274417,930,1.0,,,,,,1.0,False,False,False,Graduate Professional,Liberal Profession or Professional,Lawyer,,,Won,53367,27.849999999999994,27.84985179309481,0.0148206905183911,0.0,NDA,Position gained
2018,110,1,"Ramachandran, K.",M,DMK,61820,69.0,135908,194738,COONOOR,GEN,TIRUPUR,WESTERN REGION,11,69.79,45.49,no,4105,3.02,2.56,AETN274424,10192,1.0,,,,,,1.0,False,False,False,12th Pass,Business,,Agriculture,,Won,58830,30.209999999999997,30.20982037404102,0.0179625958974583,0.0,SPA,Position gained
2029,111,1,SELVARAJ A K,M,ADMK,105231,62.0,225083,299551,METTUPALAYAM,GEN,TIRUPUR,WESTERN REGION,11,75.14,46.75,no,2456,1.09,2.33,AETN197181,930,2.0,ADMK,930.0,METTUPALAYAM,False,True,2.0,False,False,False,Graduate,Agriculture,,,,Won,74468,24.86,24.859873610837557,0.0126389162446116,0.0,NDA,Position gained
2040,112,1,"DHANAPAL, P",M,ADMK,117284,69.0,212627,282823,AVANASHI,SC,TIRUPUR,WESTERN REGION,13,75.18,55.16,no,50902,23.94,2.5,AETN188676,930,3.0,ADMK,930.0,AVANASHI,True,True,3.0,False,True,True,Post Graduate,Other,,,,Won,70196,24.819999999999997,24.819763597727203,0.0236402272790314,0.0,NDA,Consecutive win
2053,113,1,VIJEYAKUMAR.K.N,M,ADMK,113384,64.0,238092,381313,TIRUPPUR (North),GEN,TIRUPUR,WESTERN REGION,16,62.44,47.62,no,40102,16.84,2.94,AETN274456,930,1.0,,,,,,1.0,False,False,False,5th Pass,Business,Real Estate or Builder or Developer or Construction,Salaried Work or Employed,Qualified Professional,Won,143221,37.56,37.55995730541576,0.0042694584244884,0.0,NDA,Position gained
2069,114,1,SELVARAJ. K.,M,DMK,75535,64.0,174418,278001,TIRUPPUR (South),GEN,NILGIRIS,WESTERN REGION,21,62.74,43.31,no,4709,2.7,2.78,AETN274469,10192,1.0,,,,,,1.0,False,False,False,5th Pass,Business,Real Estate or Builder or Developer or Construction,,,Won,103583,37.26,37.2599379138924,0.0062086107604386,0.0,SPA,Position gained
2090,115,1,ANANDAN M S M,M,ADMK,126903,59.0,261511,392070,PALLADAM,GEN,NILGIRIS,WESTERN REGION,21,66.7,48.53,no,32691,12.5,2.63,AETN272100,930,2.0,ADMK,930.0,TIRUPPUR (NORTH),False,True,2.0,False,False,False,10th Pass,Business,,Agriculture,,Won,130559,33.3,33.29992093248654,0.0079067513453878,0.0,NDA,Position gained
2111,116,1,KANDASAMY V.P.,M,ADMK,118968,62.0,241653,319773,SULUR,GEN,NILGIRIS,WESTERN REGION,16,75.57,49.23,no,31932,13.21,2.7,AETN274506,930,1.0,,,,,,1.0,False,False,False,Graduate,Business,,Agriculture,,Won,78120,24.430000000000007,24.429829910592822,0.0170089407180995,0.0,NDA,Position gained
2127,117,1,G.Arunkumar,M,ADMK,135669,59.0,309918,468649,KAVUNDAMPALAYAM,GEN,COIMBATORE,WESTERN REGION,13,66.13,43.78,no,9776,3.15,2.78,AETN274521,930,1.0,,,,,,1.0,False,False,False,10th Pass,Agriculture,,,,Won,158731,33.870000000000005,33.869911170193475,0.0088829806529133,0.0,NDA,Position gained
2140,118,1,AMMAN K.ARJUNAN,M,ADMK,81454,63.0,202799,342508,COIMBATORE NORTH,GEN,COIMBATORE,WESTERN REGION,21,59.21,40.16,no,4001,1.97,3.03,AETN274532,930,1.0,,,,,,1.0,False,False,False,10th Pass,Business,,,,Won,139709,40.79,40.78999614607542,0.0003853924582131,0.0,NDA,Position gained
2161,119,1,S.P. VELUMANI,M,ADMK,124225,51.0,230531,328298,THONDAMUTHUR,GEN,COIMBATORE,WESTERN REGION,11,70.22,53.89,no,41630,18.06,2.38,AETN192022,930,3.0,ADMK,930.0,THONDAMUTHUR,True,True,3.0,False,False,False,Post Graduate,Agriculture,,,,Won,97767,29.78,29.77995601557122,0.004398442878184,0.0,NDA,Position gained
2172,120,1,VANATHI SRINIVASAN,F,BJP,53209,50.0,154765,255009,COIMBATORE SOUTH,GEN,COIMBATORE,WESTERN REGION,22,60.69,34.38,no,1728,1.12,3.23,AETN190949,1605,3.0,BJP,1605.0,COIMBATORE (SOUTH),True,True,1.0,False,False,True,Post Graduate,Liberal Profession or Professional,Lawyer,,,Won,100244,39.31,39.30998513777945,0.0014862220552913,2.0,NDA,Position gained
2194,121,1,"Jayaram, K.R",M,ADMK,81244,47.0,202021,327265,SINGANALLUR,GEN,COIMBATORE,WESTERN REGION,22,61.73,40.22,no,10854,5.37,3.23,AETN274579,930,1.0,,,,,,1.0,False,False,False,8th Pass,Business,Real Estate or Builder or Developer or Construction,,,Won,125244,38.27,38.269903594946,0.0096405054009096,0.0,NDA,Position gained
2216,122,1,Damodaran.S,M,ADMK,101537,69.0,232435,329041,KINATHUKADAVU,GEN,COIMBATORE,WESTERN REGION,15,70.64,43.68,no,1095,0.47,2.63,AETN192057,930,4.0,ADMK,930.0,KINATHUKADAVU,True,True,4.0,False,False,False,10th Pass,Agriculture,,,,Won,96606,29.36,29.359867007455,0.0132992545001542,0.0,NDA,Position gained
2231,123,1,Pollachi V. Jayaraman,M,ADMK,80567,67.0,177308,229257,POLLACHI,GEN,COIMBATORE,WESTERN REGION,9,77.34,45.44,no,1725,0.97,2.44,AETN194767,930,4.0,ADMK,930.0,POLLACHI,True,True,4.0,False,True,True,Doctorate,Business,,Agriculture,,Won,51949,22.66,22.659722494842036,0.0277505157963986,0.0,NDA,Consecutive win
2240,124,1,AMULKANDASAMI T K,M,ADMK,71672,55.0,145172,207270,VALPARAI,SC,COIMBATORE,WESTERN REGION,7,70.04,49.37,no,12223,8.42,2.44,AETN274618,930,1.0,,,,,,1.0,False,False,False,10th Pass,Business,,,,Won,62098,29.959999999999997,29.95995561345105,0.0044386548939456,0.0,NDA,Position gained
2247,125,1,"Radhakrishnan,K.",M,ADMK,96893,55.0,194358,272553,UDUMALPET,GEN,COIMBATORE,WESTERN REGION,16,71.31,49.85,no,21895,11.27,2.5,AETN274626,930,1.0,,,,,,1.0,False,False,False,Graduate,Other,,,,Won,78195,28.69,28.68983280316122,0.0167196838777528,0.0,NDA,Position gained
2263,126,1,C MAHENDRAN,M,ADMK,84313,49.0,181902,251072,MADATHUKULAM,GEN,COIMBATORE,WESTERN REGION,16,72.45,46.35,no,6438,3.54,2.56,GETN10538,930,1.0,,,,,,1.0,False,False,False,Post Graduate,Business,,,,Won,69170,27.55,27.549866173846542,0.0133826153454919,0.0,NDA,Position gained
2279,127,1,SENTHIL KUMAR I.P,M,DMK,108566,42.0,205384,280081,PALANI,GEN,DINDIGUL,SOUTHERN REGION,25,73.33,52.86,no,30056,14.63,2.33,AETN274653,10192,1.0,,,,,,1.0,False,False,False,Post Graduate,Business,,Agriculture,,Won,74697,26.67,26.66978481225074,0.0215187749262213,0.0,SPA,Position gained
2304,128,1,SAKKARAPANI R,M,DMK,109970,59.0,201756,242845,ODDANCHATRAM,GEN,DINDIGUL,SOUTHERN REGION,15,83.08,54.51,no,28742,14.25,2.17,AETN188923,10192,5.0,DMK,10192.0,ODDANCHATRAM,True,True,5.0,False,True,True,Graduate,Business,Industrialist,Small Business or Self-employed,,Won,41089,16.92,16.919845992299614,0.0154007700388092,0.0,SPA,Consecutive win
2319,129,1,PERIYASAMY I,M,DMK,165809,67.0,229940,294946,ATHOOR,GEN,DINDIGUL,SOUTHERN REGION,21,77.96,72.11,no,135571,58.96,1.82,AETN188938,10192,8.0,DMK,10192.0,ATHOOR,True,True,6.0,False,True,True,Graduate,Business,Agricultural Business,,,Won,65006,22.040000000000006,22.03996663796085,0.0033362039157935,2.0,SPA,Consecutive win
2340,130,1,S.Thenmozhi,F,ADMK,91461,59.0,184805,246176,NILAKOTTAI,SC,DINDIGUL,SOUTHERN REGION,19,75.07,49.49,no,27618,14.94,2.7,AETN195141,930,3.0,ADMK,,NILAKKOTTAI,True,True,3.0,False,True,True,10th Pass,Agriculture,,Social Work,,Won,61371,24.930000000000007,24.929725074743278,0.0274925256732672,0.0,NDA,Consecutive win
2359,131,1,NATHAM.R.VISWANATHAN,M,ADMK,107762,71.0,225244,285299,NATHAM,GEN,DINDIGUL,SOUTHERN REGION,16,78.95,47.84,no,11932,5.3,2.44,AETN188939,930,2.0,ADMK,930.0,ATHOOR,False,True,1.0,False,False,True,Graduate,Agriculture,,,,Won,60055,21.05,21.04984595108991,0.0154048910086856,1.0,NDA,Position gained
2375,132,1,SREENIVASAN.C,M,ADMK,90595,72.0,195118,281677,DINDIGUL,GEN,DINDIGUL,SOUTHERN REGION,22,69.27,46.43,no,17747,9.1,2.7,GETN2632,930,4.0,ADMK,930.0,DINDIGUL,True,True,2.0,False,True,True,Post Graduate,Politics,MLA,,,Won,86559,30.730000000000004,30.729878548834304,0.0121451165700392,2.0,NDA,Consecutive win
2397,133,1,GANDHIRAJAN S,M,DMK,106481,70.0,213080,265818,VEDASANDUR,GEN,DINDIGUL,SOUTHERN REGION,21,80.16,49.97,no,17553,8.24,2.38,AETN272332,10192,4.0,ADMK,930.0,VEDASANDUR,True,False,2.0,True,False,False,Graduate Professional,Business,,Agriculture,,Won,52738,19.840000000000003,19.83989045136146,0.0109548638544509,2.0,SPA,Position gained
2418,134,1,ELANGO. R,M,DMK,93369,50.0,177114,216203,ARAVAKURICHI,GEN,KARUR,CENTRAL REGION,41,81.92,52.72,no,24816,14.01,2.33,AETN274769,10192,1.0,,,,,,1.0,False,False,False,Graduate Professional,Agriculture,,,,Won,39089,18.08,18.07976762579613,0.0232374203868346,0.0,SPA,Position gained
2459,135,1,SENTHILBALAJI V,M,DMK,101757,45.0,207310,248067,KARUR,GEN,KARUR,CENTRAL REGION,78,83.57,49.08,no,12448,6.0,2.33,AETN195336,10192,4.0,DMK,10192.0,ARAVAKURICHI,False,True,4.0,False,True,True,Graduate,Agriculture,,,,Won,40757,16.430000000000007,16.429835487993163,0.0164512006843864,0.0,SPA,Consecutive win
2537,136,1,SIVAGAMA SUNDARI.K,F,DMK,96540,50.0,180902,214924,KRISHNARAYAPURAM,SC,KARUR,CENTRAL REGION,27,84.17,53.37,no,31625,17.48,2.44,AETN274881,10192,1.0,,,,,,1.0,False,False,False,Post Graduate,Liberal Profession or Professional,Lawyer,,,Won,34022,15.829999999999998,15.82978169027191,0.0218309728088783,0.0,SPA,Position gained
2564,137,1,R.Manickam,M,DMK,100829,61.0,197456,229173,KULITHALAI,GEN,KARUR,CENTRAL REGION,19,86.16,51.06,no,23540,11.92,2.44,AETN195374,10192,3.0,DMK,10192.0,KULITHALAI,True,True,2.0,False,False,False,12th Pass,Agriculture,,,,Won,31717,13.840000000000003,13.83976297382327,0.0237026176733934,1.0,SPA,Position gained
2583,138,1,ABDUL SAMAD P,M,DMK,98077,52.0,221748,291696,MANAPPARAI,GEN,TIRUCHIRAPPALLI,CENTRAL REGION,23,76.02,44.23,no,12243,5.52,2.78,AETN274920,10192,1.0,,,,,,1.0,False,False,False,10th Pass,Business,,Politics,Party Worker,Won,69948,23.980000000000004,23.979759749876585,0.0240250123418661,0.0,SPA,Position gained
2606,139,1,Palaniyandi.M,M,DMK,113904,53.0,240240,315482,SRIRANGAM,GEN,TIRUCHIRAPPALLI,CENTRAL REGION,16,76.15,47.41,no,19915,8.29,2.63,AETN189083,10192,2.0,DMK,10192.0,SRIRANGAM,True,True,1.0,False,False,True,8th Pass,Agriculture,,,,Won,75242,23.849999999999994,23.84985514229021,0.0144857709784673,1.0,SPA,Position gained
2622,140,1,"Nehru, K.N.",M,DMK,118133,68.0,183099,273241,TIRUCHIRAPALLI (West),GEN,TIRUCHIRAPPALLI,CENTRAL REGION,14,67.01,64.52,no,85109,46.48,2.17,AETN200955,10192,9.0,DMK,10192.0,TIRUCHIRAPPALLI (WEST),True,True,5.0,False,True,True,12th Pass,Business,,Agriculture,,Won,90142,32.989999999999995,32.98992464527652,0.0075354723477971,4.0,SPA,Consecutive win
2636,141,1,"INIGO IRUDAYARAJ,S.",M,DMK,94302,48.0,172856,258495,TIRUCHIRAPALLI (East),GEN,TIRUCHIRAPPALLI,CENTRAL REGION,19,66.87,54.56,no,53797,31.12,2.78,AETN274964,10192,1.0,,,,,,1.0,False,False,False,Doctorate,Business,,,,Won,85639,33.129999999999995,33.12984777268419,0.0152227315808772,0.0,SPA,Position gained
2655,142,1,ANBIL MAHESH POYYAMOZHI,M,DMK,105424,43.0,197013,295859,THIRUVERAMBUR,GEN,TIRUCHIRAPPALLI,CENTRAL REGION,16,66.59,53.51,no,49697,25.23,2.56,AETN189127,10192,2.0,DMK,10192.0,THIRUVERUMBUR,True,True,2.0,False,True,True,Post Graduate,Politics,Party Worker,,,Won,98846,33.41,33.40983373836862,0.0166261631378006,0.0,SPA,Consecutive win
2671,143,1,A.SOUNDARAPANDIAN,M,DMK,84914,56.0,174754,220565,LALGUDI,GEN,TIRUCHIRAPPALLI,CENTRAL REGION,15,79.23,48.59,no,16949,9.7,2.5,AETN195412,10192,4.0,DMK,10192.0,LALGUDI,True,True,5.0,False,True,True,12th Pass,Business,,Agriculture,,Won,45811,20.77,20.76984108992814,0.0158910071856865,-1.0,SPA,Consecutive win
2686,144,1,S. KATHIRAVAN,M,DMK,116334,46.0,196719,247041,MANACHANALLUR,GEN,TIRUCHIRAPPALLI,CENTRAL REGION,30,79.63,59.14,no,59618,30.31,2.27,AETN275005,10192,1.0,,,,,,1.0,False,False,False,12th Pass,Business,,,,Won,50322,20.370000000000005,20.36989811407823,0.0101885921775846,0.0,SPA,Position gained
2716,145,1,N. Thiyagarajan,M,DMK,90624,60.0,179706,236517,MUSIRI,GEN,TIRUCHIRAPPALLI,CENTRAL REGION,21,75.98,50.43,no,26836,14.93,2.56,AETN275034,10192,1.0,,,,,,1.0,False,False,False,Post Graduate,Agriculture,,,,Won,56811,24.02,24.019837897487285,0.016210251271076,0.0,SPA,Position gained
2737,146,1,S.STALINKUMAR,M,DMK,87786,36.0,175876,229513,THURAIYUR,SC,TIRUCHIRAPPALLI,CENTRAL REGION,14,76.63,49.91,no,22071,12.55,2.5,AETN189202,10192,2.0,DMK,10192.0,THURAIYUR,True,True,2.0,False,True,True,Graduate Professional,Agriculture,,,,Won,53637,23.370000000000005,23.36991804385808,0.0081956141922745,0.0,SPA,Consecutive win
2751,147,1,"PRABHAHARAN, M.",M,DMK,122090,47.0,240026,306938,PERAMBALUR,SC,PERAMBALUR,CENTRAL REGION,10,78.2,50.87,no,31034,12.93,2.44,AETN192415,10192,2.0,DMK,10192.0,PERAMBALUR,True,True,1.0,False,False,False,Post Graduate,Business,,,,Won,66912,21.8,21.799842313431377,0.0157686568620363,1.0,SPA,Position gained
2761,148,1,"SIVASANKAR, S.S.",M,DMK,103922,51.0,219879,274677,KUNNAM,GEN,PERAMBALUR,CENTRAL REGION,23,80.05,47.26,no,6329,2.88,2.38,AETN189243,10192,4.0,DMK,10192.0,ARIYALUR,False,True,3.0,False,False,True,Graduate Professional,Small Business or Self-employed,Shop Keeper,Politics,Ex MLA,Won,54798,19.950000000000003,19.94997761006564,0.0022389934361655,1.0,SPA,Position gained
2784,149,1,CHINNAPPA K,M,DMK,103975,74.0,225225,266412,ARIYALUR,GEN,ARIYALUR,CENTRAL REGION,14,84.54,46.16,no,3234,1.44,2.44,AETN204086,10192,4.0,MDMK,11601.0,ARIYALUR,True,False,1.0,True,False,False,Graduate Professional,Liberal Profession or Professional,Lawyer,,,Won,41187,15.459999999999994,15.459889194180445,0.0110805819550918,3.0,SPA,Position gained
2798,150,1,KANNAN KA SO KA,M,DMK,99529,43.0,216368,269181,JAYANKONDAM,GEN,ARIYALUR,CENTRAL REGION,14,80.38,46.0,no,5452,2.52,2.5,AETN275100,10192,1.0,,,,,,1.0,False,False,False,Post Graduate,Liberal Profession or Professional,Author,Agriculture,,Won,52813,19.620000000000005,19.61988401856,0.011598144000402,0.0,SPA,Position gained
2812,151,1,"GANESAN,  C.V.",M,DMK,83726,62.0,168184,220424,TITTAKUDI,SC,CUDDALORE,CENTRAL REGION,16,76.3,49.78,no,21563,12.82,2.56,AETN275114,10192,1.0,,,,,,1.0,False,False,False,Post Graduate,Politics,MLA,Agriculture,,Won,52240,23.700000000000003,23.699778608499983,0.0221391500019763,0.0,SPA,Position gained
2828,152,1,Radhakrishnan,M,INC,77064,53.0,196734,255432,VRIDDHACHALAM,GEN,CUDDALORE,CENTRAL REGION,30,77.02,39.17,no,862,0.44,3.12,AETN275129,3482,1.0,,,,,,1.0,False,False,False,10th Pass,Agriculture,,,,Won,58698,22.980000000000004,22.979892887343794,0.0107112656209551,0.0,SPA,Position gained
2858,153,1,SABA.RAJENDRAN,M,DMK,75177,59.0,164130,221050,NEYVELI,GEN,CUDDALORE,CENTRAL REGION,13,74.25,45.8,no,977,0.6,2.44,AETN194180,10192,4.0,DMK,10192.0,NEYVELI,True,True,3.0,False,True,True,Graduate Professional,Agriculture,,,,Won,56920,25.75,25.74983035512328,0.0169644876724106,1.0,SPA,Consecutive win
2871,154,1,VELMURUGAN.T,M,DMK,93801,50.0,197049,247548,PANRUTI,GEN,CUDDALORE,CENTRAL REGION,16,79.6,47.6,no,4697,2.38,2.33,AETN192472,10192,6.0,TAVK,8264.0,NEYVELI,False,False,3.0,True,False,True,Graduate,Agriculture,,,,Won,50499,20.40000000000001,20.39968006204857,0.0319937951434923,3.0,SPA,Position gained
2887,155,1,G.IYAPPAN,M,DMK,84563,63.0,182001,243414,CUDDALORE,GEN,CUDDALORE,CENTRAL REGION,16,74.77,46.46,no,5151,2.83,2.44,AETN194190,10192,2.0,DMK,10192.0,CUDDALORE,True,True,2.0,False,False,False,Post Graduate,Business,Real Estate or Builder or Developer or Construction,Agriculture,,Won,61413,25.230000000000004,25.229855308240285,0.014469175971854,0.0,SPA,Position gained
2903,156,1,M.R.K.PANNEERSELVAM,M,DMK,101456,63.0,198781,242238,KURINJIPADI,GEN,CUDDALORE,CENTRAL REGION,13,82.06,51.04,no,17527,8.82,2.27,AETN199240,10192,7.0,DMK,10192.0,KURINJIPADI,True,True,5.0,False,True,True,Graduate Professional,Agriculture,,,,Won,43457,17.939999999999998,17.939794747314625,0.0205252685372414,2.0,SPA,Consecutive win
2916,157,1,Arunmozhithevan. A,M,ADMK,96453,52.0,197165,250941,BHUVANAGIRI,GEN,CUDDALORE,CENTRAL REGION,15,78.57,48.92,no,8259,4.19,2.27,GETN270965,930,1.0,,,,,,1.0,False,False,False,Graduate Professional,Liberal Profession or Professional,Lawyer,Agriculture,,Won,53776,21.430000000000007,21.429738464419923,0.026153558008346,0.0,NDA,Position gained
2931,158,1,K.A. PANDIAN,M,ADMK,91961,60.0,183352,254903,CHIDAMBARAM,GEN,CUDDALORE,CENTRAL REGION,12,71.93,50.16,no,16937,9.24,2.38,AETN189368,930,2.0,ADMK,930.0,CHIDAMBARAM,True,True,2.0,False,True,True,Post Graduate,Politics,MLA,,,Won,71551,28.069999999999997,28.06989325351212,0.0106746487876563,0.0,NDA,Consecutive win
2943,159,1,SINTHANAI SELVAN,M,VCK,86056,55.0,175561,231397,KATTUMANNARKOIL,SC,CUDDALORE,CENTRAL REGION,14,75.87,49.02,no,10565,6.02,2.38,AETN194150,8488,3.0,VCK,8488.0,BHUVANAGIRI,False,True,1.0,False,False,True,Others,Social Work,,,,Won,55836,24.129999999999995,24.12995846964308,0.0041530356913455,2.0,SPA,Position gained
2957,160,1,PANNEERSELVAM,M,DMK,94057,66.0,191325,255406,SIRKALI,SC,NAGAPATTINAM,CENTRAL REGION,11,74.91,49.16,no,12148,6.35,2.38,AETN275233,10192,1.0,,,,,,1.0,False,False,False,Post Graduate,Agriculture,,,,Won,64081,25.090000000000003,25.0898569336664,0.0143066333603059,0.0,SPA,Position gained
2968,161,1,Rajakumar.S,M,INC,73642,52.0,174640,248987,MAYILADUTHURAI,GEN,NAGAPATTINAM,CENTRAL REGION,15,70.14,42.17,no,2742,1.57,2.86,AETN275243,3482,1.0,,,,,,1.0,False,False,False,Post Graduate,Business,,,,Won,74347,29.86,29.859791876684326,0.0208123315672992,0.0,SPA,Position gained
2983,162,1,Nivedha M. Murugan,M,DMK,96102,55.0,207838,276417,POOMPUHAR,GEN,NAGAPATTINAM,CENTRAL REGION,10,75.19,46.24,no,3299,1.59,2.38,AETN275255,10192,1.0,,,,,,1.0,False,False,False,,,,,,Won,68579,24.81,24.80997912574118,0.00208742588228,0.0,SPA,Position gained
2993,163,1,J. Mohamed Shanavas,M,VCK,66281,39.0,143560,199472,NAGAPATTINAM,GEN,NAGAPATTINAM,CENTRAL REGION,14,71.97,46.17,no,7238,5.04,2.63,AETN189231,8488,2.0,VCK,8488.0,KUNNAM,False,True,1.0,False,False,True,12th Pass,Liberal Profession or Professional,Author,,,Won,55912,28.03,28.02999919788241,8.021175901262723e-05,1.0,SPA,Position gained
3007,164,1,NAGAIMAALI V P,M,CPM,67988,65.0,142995,180026,KILVELUR,SC,NAGAPATTINAM,CENTRAL REGION,11,79.43,47.55,no,16985,11.88,2.7,AETN189442,14635,2.0,CPM,14635.0,KILVELUR,True,True,1.0,False,False,True,Graduate Professional,Other,,,,Won,37031,20.569999999999997,20.56980658349349,0.0193416506498067,1.0,SPA,Position gained
3018,165,1,O.S.MANIAN,M,ADMK,78719,66.0,158060,196104,VEDARANYAM,GEN,NAGAPATTINAM,CENTRAL REGION,13,80.6,49.8,no,12329,7.8,2.33,GETN10745,930,4.0,ADMK,930.0,VEDARANYAM,True,True,2.0,False,True,True,Others,Former Government,,Politics,Ex MP,Won,38044,19.40000000000001,19.39991025170318,0.0089748296826286,2.0,NDA,Consecutive win
3031,166,1,MARIMUTHU K,M,CPI,97092,50.0,185886,242228,THIRUTHURAIPUNDI,SC,TIRUVARUR,CENTRAL REGION,12,76.74,52.23,no,30068,16.18,2.44,AETN275290,2444,1.0,,,,,,1.0,False,False,False,12th Pass,Politics,,,,Won,56342,23.260000000000005,23.259903892200736,0.0096107799269162,0.0,SPA,Position gained
3043,167,1,RAJAA T R B,M,DMK,87172,44.0,193229,259926,MANNARGUDI,GEN,TIRUVARUR,CENTRAL REGION,11,74.34,45.11,no,37393,19.35,3.23,AETN192598,10192,3.0,DMK,10192.0,MANNARGUDI,True,True,3.0,False,True,True,Post Graduate,Business,Real Estate or Builder or Developer or Construction,Agriculture,,Won,66697,25.66,25.659995537191357,0.0004462808643523,0.0,SPA,Consecutive win
3054,168,1,KALAIVANAN  POONDI  K.,M,DMK,108906,56.0,208290,284354,THIRUVARUR,GEN,TIRUVARUR,CENTRAL REGION,14,73.25,52.29,no,51174,24.57,2.7,AETN276668,10192,2.0,DMK,10192.0,THIRUVARUR,True,True,2.0,False,True,True,12th Pass,Agriculture,,,,Won,76064,26.75,26.749755586346595,0.0244413653405217,0.0,SPA,Consecutive win
3068,169,1,KAMARAJ R,M,ADMK,103637,60.0,221944,273734,NANNILAM,GEN,TIRUVARUR,CENTRAL REGION,16,81.08,46.7,no,4424,1.99,2.38,AETN195588,930,4.0,ADMK,930.0,NANNILAM,True,True,3.0,False,True,True,Post Graduate,Agriculture,,,,Won,51790,18.92,18.91982727757604,0.0172722423961602,1.0,NDA,Consecutive win
3084,170,1,"CHEZHIAAN,  GOVI.",M,DMK,95763,54.0,198446,261940,THIRUVIDAMARUDUR,SC,THANJAVUR,CENTRAL REGION,15,75.76,48.26,no,10680,5.38,2.44,AETN192631,10192,3.0,DMK,10192.0,THIRUVIDAIMARUDUR,True,True,3.0,False,True,True,,,,,,Won,63494,24.239999999999995,24.23990226769489,0.009773230510035,0.0,SPA,Consecutive win
3099,171,1,"ANBALAGAN, G.",M,DMK,96057,71.0,197564,276506,KUMBAKONAM,GEN,THANJAVUR,CENTRAL REGION,11,71.45,48.62,no,21383,10.82,2.63,AETN192641,10192,3.0,DMK,10192.0,KUMBAKONAM,True,True,3.0,False,True,True,10th Pass,Other,,,,Won,78942,28.55,28.549832553362315,0.0167446637682644,0.0,SPA,Consecutive win
3110,172,1,"Dr.JAWAHIRULLAH, M.H.",M,DMK,86567,61.0,196982,263485,PAPANASAM,GEN,THANJAVUR,CENTRAL REGION,14,74.76,43.95,no,16273,8.26,2.94,AETN190192,10192,2.0,MAMAK,11572.0,RAMANATHAPURAM,False,False,1.0,True,False,True,Doctorate,Salaried Work or Employed,Qualified Professional,,,Won,66503,25.239999999999995,25.23976696965672,0.0233030343277818,1.0,SPA,Position gained
3124,173,1,DURAI.CHANDRASEKARAN,M,DMK,103210,61.0,211430,270682,THIRUVAIYARU,GEN,THANJAVUR,CENTRAL REGION,13,78.11,48.82,no,53650,25.37,3.03,AETN207181,10192,6.0,DMK,10192.0,THIRUVAIYARU,True,True,4.0,False,True,True,Graduate Professional,Liberal Profession or Professional,Lawyer,,,Won,59252,21.89,21.889892937099624,0.010706290037632,2.0,SPA,Consecutive win
3137,174,1,"NEELAMEGAM, T.K.G.",M,DMK,103772,57.0,194859,296498,THANJAVUR,GEN,THANJAVUR,CENTRAL REGION,13,65.72,53.25,no,47149,24.2,2.7,AETN276607,10192,2.0,DMK,10192.0,THANJAVUR,True,True,2.0,False,True,True,8th Pass,Agriculture,,,,Won,101639,34.28,34.27982650810461,0.0173491895388622,0.0,SPA,Consecutive win
3150,175,1,"VAITHILINGAM, R.",M,ADMK,90063,66.0,191840,245037,ORATHANAD,GEN,THANJAVUR,CENTRAL REGION,13,78.29,46.95,no,28835,15.03,2.94,AETN192677,930,5.0,ADMK,930.0,ORATHANADU,True,True,4.0,False,False,True,12th Pass,Agriculture,,,,Won,53197,21.709999999999997,21.709782604259765,0.0217395740229164,1.0,NDA,Position gained
3163,176,1,"ANNADURAI, K.",M,DMK,79065,63.0,177200,247278,PATTUKKOTTAI,GEN,THANJAVUR,CENTRAL REGION,9,71.66,44.62,no,25269,14.26,3.23,AETN272520,10192,3.0,DMK,10192.0,PATTUKKOTTAI,True,True,2.0,False,False,False,Graduate Professional,Social Work,,,,Won,70078,28.340000000000003,28.33976334328165,0.02366567183536,1.0,SPA,Position gained
3172,177,1,"ASHOKKUMAR, N.",M,DMK,89130,63.0,170850,221825,PERAVURANI,GEN,THANJAVUR,CENTRAL REGION,9,77.02,52.17,no,23503,13.76,2.33,AETN275405,10192,1.0,,,,,,1.0,False,False,False,10th Pass,Agriculture,,Social Work,,Won,50975,22.980000000000004,22.979826439761077,0.0173560238931003,0.0,SPA,Position gained
3181,178,1,M.Chinnadurai,M,CPM,69710,58.0,157620,211712,GANDHARVAKOTTAI,SC,PUDUKKOTTAI,CENTRAL REGION,15,74.45,44.23,no,12721,8.07,2.86,AETN189593,14635,2.0,CPM,14635.0,GANDHARVAKOTTAI,False,True,1.0,False,False,True,8th Pass,Other,,,,Won,54092,25.55,25.54980350665054,0.0196493349456261,1.0,SPA,Position gained
3196,179,1,VIJAYA BASKER C,M,ADMK,102179,47.0,193423,226411,VIRALIMALAI,GEN,PUDUKKOTTAI,CENTRAL REGION,23,85.43,52.83,no,23598,12.2,2.22,AETN197862,930,4.0,ADMK,930.0,VIRALIMALAI,True,True,4.0,False,True,True,Graduate Professional,Business,,,,Won,32988,14.569999999999991,14.569963473506146,0.0036526493847333,0.0,NDA,Consecutive win
3219,180,1,V . MUTHURAJA,M,DMK,85802,44.0,179892,246630,PUDUKKOTTAI,GEN,PUDUKKOTTAI,CENTRAL REGION,22,72.94,47.7,no,13001,7.23,2.56,AETN275447,10192,1.0,,,,,,1.0,False,False,False,Graduate Professional,Liberal Profession or Professional,Doctor,,,Won,66738,27.06,27.05996837367717,0.0031626322833488,0.0,SPA,Position gained
3241,181,1,S.REGUPATHY,M,DMK,71349,70.0,174031,229441,THIRUMAYAM,GEN,PUDUKKOTTAI,CENTRAL REGION,23,75.85,41.0,no,1382,0.79,2.94,AETN197851,10192,7.0,DMK,10192.0,THIRUMAYAM,True,True,3.0,False,True,True,Graduate Professional,Liberal Profession or Professional,Lawyer,,,Won,55410,24.15000000000001,24.14999934623716,6.537628465252965e-05,4.0,SPA,Consecutive win
3264,182,1,SIVA.V.MEYYANATHAN,M,DMK,87935,52.0,171842,218990,ALANGUDI,GEN,PUDUKKOTTAI,CENTRAL REGION,12,78.47,51.17,no,25847,15.04,2.5,AETN189646,10192,2.0,DMK,10192.0,ALANGUDI,True,True,2.0,False,True,True,Post Graduate,Politics,MLA,Agriculture,,Won,47148,21.53,21.52975021690488,0.0249783095121358,0.0,SPA,Consecutive win
3276,183,1,RAMACHANDRAN T,M,INC,81835,40.0,168048,239350,ARANTANGI,GEN,PUDUKKOTTAI,CENTRAL REGION,23,70.21,48.7,no,30893,18.38,2.94,AETN271717,3482,2.0,INC,3482.0,ARANTHANGI,True,True,1.0,False,False,True,Graduate Professional,Business,,Politics,Party Worker,Won,71302,29.790000000000006,29.789847503655736,0.0152496344270502,1.0,SPA,Position gained
3299,184,1,S.Mangudi,M,INC,75954,58.0,212456,320785,KARAIKUDI,GEN,SIVAGANGA,SOUTHERN REGION,14,66.23,35.75,no,21589,10.16,4.0,AETN275514,3482,1.0,,,,,,1.0,False,False,False,Graduate,Other,,,,Won,108329,33.77,33.76997054101657,0.0029458983426877,0.0,SPA,Position gained
3313,185,1,KR.PERIYAKARUPPAN,M,DMK,103682,61.0,210766,292811,TIRUPPATTUR,GEN,SIVAGANGA,SOUTHERN REGION,27,71.98,49.19,no,37374,17.73,2.94,AETN272085,10192,3.0,IND,10809.0,TIRUPPATTUR,True,False,2.0,False,False,True,Graduate,Agriculture,,,,Won,82045,28.02,28.01978067763848,0.021932236151656,1.0,SPA,Position gained
3340,186,1,PR. Senthilnathan,M,ADMK,82153,53.0,202044,304788,SIVAGANGA,GEN,SIVAGANGA,SOUTHERN REGION,16,66.29,40.66,no,11253,5.57,3.23,GETN10813,930,1.0,,,,,,1.0,False,False,False,Graduate Professional,Liberal Profession or Professional,Lawyer,Agriculture,,Won,102744,33.709999999999994,33.709988582227645,0.001141777234892,0.0,NDA,Position gained
3356,187,1,Tamilarasi A.,F,DMK,89364,44.0,203061,281833,MANAMADURAI,SC,SIVAGANGA,SOUTHERN REGION,14,72.05,44.01,no,14091,6.94,2.94,AETN192803,10192,2.0,DMK,10192.0,MANAMADURAI,True,True,1.0,False,False,False,Graduate,Politics,Party Worker,Agriculture,,Won,78772,27.950000000000003,27.94988521571285,0.0114784287152502,1.0,SPA,Position gained
3370,188,1,PERIYAPULLAN @ SELVAM  P.,M,ADMK,83344,49.0,182782,246237,MELUR,GEN,MADURAI,SOUTHERN REGION,16,74.23,45.6,no,35162,19.24,3.12,AETN189737,930,2.0,ADMK,930.0,MELUR,True,True,2.0,False,True,True,Graduate,Politics,MP,,,Won,63455,25.77,25.769888359588528,0.0111640411468272,0.0,NDA,Consecutive win
3386,189,1,MOORTHY P,M,DMK,122729,62.0,237892,333462,MADURAI EAST,GEN,MADURAI,SOUTHERN REGION,16,71.34,51.59,no,49604,20.85,2.7,AETN270994,10192,3.0,DMK,10192.0,MADURAI EAST,True,True,2.0,False,True,True,12th Pass,Small Business or Self-employed,,Politics,MLA,Won,95570,28.66,28.65993726421601,0.0062735783984635,1.0,SPA,Consecutive win
3402,190,1,VENKATESAN A,M,DMK,84240,45.0,175361,220607,SHOLAVANDAN,SC,MADURAI,SOUTHERN REGION,21,79.49,48.04,no,17045,9.72,2.56,AETN275602,10192,1.0,,,,,,1.0,False,False,False,Graduate,Agriculture,,,,Won,45246,20.510000000000005,20.509775301780994,0.0224698219010832,0.0,SPA,Position gained
3423,191,1,THALAPATHI G,M,DMK,73010,65.0,156556,246157,MADURAI NORTH,GEN,MADURAI,SOUTHERN REGION,16,63.6,46.64,no,22916,14.64,2.94,AETN200516,10192,5.0,DMK,10192.0,MADURAI WEST,False,True,2.0,False,False,True,10th Pass,Politics,Party Worker,Agriculture,,Won,89601,36.4,36.39993987577034,0.00601242296554,3.0,SPA,Position gained
3439,192,1,BOOMINATHAN.M,M,DMK,62812,61.0,147833,231713,MADURAI SOUTH,GEN,MADURAI,SOUTHERN REGION,14,63.8,42.49,no,6515,4.41,2.86,AETN197556,10192,5.0,MDMK,11601.0,MADURAI SOUTH,True,False,1.0,True,False,True,,Business,Real Estate or Builder or Developer or Construction,Retired or Pension,,Won,83880,36.2,36.19995425375356,0.004574624644249,4.0,SPA,Position gained
3453,193,1,PALANIVEL THIAGA RAJAN,M,DMK,73205,55.0,149430,244846,MADURAI CENTRAL,GEN,MADURAI,SOUTHERN REGION,15,61.03,48.99,no,34176,22.87,3.03,AETN189823,10192,2.0,DMK,10192.0,MADURAI CENTRAL,True,True,2.0,False,True,True,Doctorate,Salaried Work or Employed,Qualified Professional,,,Won,95416,38.97,38.969801426202594,0.0198573797405288,0.0,SPA,Consecutive win
3468,194,1,RAJU. K,M,ADMK,83883,68.0,201694,309726,MADURAI WEST,GEN,MADURAI,SOUTHERN REGION,16,65.12,41.59,no,9121,4.52,3.03,AETN271788,930,4.0,ADMK,930.0,MADURAI WEST,True,True,3.0,False,True,True,Graduate,Politics,Party Worker,,,Won,108032,34.879999999999995,34.87986155505188,0.0138444948113658,1.0,NDA,Consecutive win
3484,195,1,"RAJANCHELLAPPA, V.V.",M,ADMK,103683,70.0,235849,324280,THIRUPARANKUNDRAM,GEN,MADURAI,SOUTHERN REGION,24,72.73,43.96,no,29489,12.5,3.23,AETN272081,930,5.0,ADMK,930.0,MADURAI NORTH,False,True,2.0,False,True,True,Post Graduate,Agriculture,,,,Won,88431,27.27,27.26995189342544,0.0048106574560335,3.0,NDA,Consecutive win
3508,196,1,UDHAYAKUMAR R B,M,ADMK,100338,47.0,220495,282215,THIRUMANGALAM,GEN,MADURAI,SOUTHERN REGION,25,78.13,45.51,no,14087,6.39,2.78,AETN189910,930,2.0,ADMK,930.0,THIRUMANGALAM,True,True,2.0,False,True,True,Post Graduate,Liberal Profession or Professional,Lawyer,,,Won,61720,21.870000000000005,21.86985100012402,0.0148999875985822,0.0,NDA,Consecutive win
3533,197,1,AYYAPPAN P,M,ADMK,71255,56.0,212513,287879,USILAMPATTI,GEN,MADURAI,SOUTHERN REGION,15,73.82,33.53,no,7477,3.52,3.57,AETN275708,930,1.0,,,,,,1.0,False,False,False,Graduate,Agriculture,,,,Won,75366,26.180000000000007,26.17974913071117,0.0250869288841215,0.0,NDA,Position gained
3548,198,1,A.MAHARAJAN,M,DMK,93541,67.0,209540,279946,ANDIPATTI,GEN,THENI,SOUTHERN REGION,21,74.85,44.64,no,8538,4.07,2.78,AETN276529,10192,2.0,DMK,10192.0,ANDIPATTI,True,True,1.0,False,False,True,8th Pass,Business,,Agriculture,,Won,70406,25.15000000000001,25.149850328277594,0.0149671722411426,1.0,SPA,Position gained
3569,199,1,K.S.SARAVANAKUMAAR,M,DMK,92251,49.0,201797,288528,PERIYAKULAM,SC,THENI,SOUTHERN REGION,16,69.94,45.71,no,21321,10.57,2.94,AETN275739,10192,1.0,,,,,,1.0,False,False,False,Post Graduate,Other,,,,Won,86731,30.06,30.059820883935007,0.0179116064995099,0.0,SPA,Position gained
3585,200,1,O.PANNEERSELVAM,M,ADMK,100050,71.0,214795,281513,BODINAYAKANUR,GEN,THENI,SOUTHERN REGION,25,76.3,46.58,no,11021,5.13,2.56,AETN189985,930,5.0,ADMK,930.0,BODINAYAKANUR,True,True,5.0,False,True,True,Graduate,Agriculture,,,,Won,66718,23.700000000000003,23.69979361521493,0.020638478507351,0.0,NDA,Consecutive win
3610,201,1,N.Ramakrishnan,M,DMK,104800,72.0,202275,291001,CUMBUM,GEN,THENI,SOUTHERN REGION,16,69.51,51.81,no,42413,20.97,2.63,AETN275775,10192,1.0,,,,,,1.0,False,False,False,Post Graduate,Agriculture,,,,Won,88726,30.489999999999995,30.489929587870837,0.0070412129161923,0.0,SPA,Position gained
3626,202,1,THANGAPANDIAN S.,M,DMK,74158,52.0,178708,241856,RAJAPALAYAM,GEN,VIRUDHUNAGAR,SOUTHERN REGION,15,73.89,41.5,no,3898,2.18,3.03,AETN192999,10192,3.0,DMK,10192.0,RAJAPALAYAM,True,True,2.0,False,True,True,,,,,,Won,63148,26.11,26.10975125694629,0.0248743053713695,1.0,SPA,Consecutive win
3641,203,1,"MANRAJ, E.M.",M,ADMK,70475,43.0,185039,252992,SRIVILLIPUTHUR,SC,VIRUDHUNAGAR,SOUTHERN REGION,16,73.14,38.09,no,12738,6.88,3.57,AETN275801,930,1.0,,,,,,1.0,False,False,False,Graduate,Unemployed,,,,Won,67953,26.86,26.85974260055654,0.0257399443459149,0.0,NDA,Position gained
3657,204,1,"RAGHURAMAN,  A.R.R.",M,DMK,74174,49.0,191783,255132,SATTUR,GEN,VIRUDHUNAGAR,SOUTHERN REGION,28,75.17,38.68,no,11179,5.83,3.45,AETN275814,10192,1.0,,,,,,1.0,False,False,False,Graduate Professional,Liberal Profession or Professional,Doctor,,,Won,63349,24.83,24.829891977486167,0.0108022513831684,0.0,SPA,Position gained
3685,205,1,Ashokan.G,M,INC,78947,62.0,185047,263750,SIVAKASI,GEN,VIRUDHUNAGAR,SOUTHERN REGION,27,70.16,42.66,no,17319,9.36,3.33,AETN275841,3482,1.0,,,,,,1.0,False,False,False,Graduate,Business,,,,Won,78703,29.840000000000003,29.84,3.552713678800501e-13,0.0,SPA,Position gained
3712,206,1,SEENIVASAN A.R.R,M,DMK,73297,64.0,161717,226907,VIRUDHUNAGAR,GEN,VIRUDHUNAGAR,SOUTHERN REGION,19,71.27,45.32,no,21339,13.2,3.12,AETN197979,10192,4.0,DMK,10192.0,VIRUDHUNAGAR,True,True,3.0,False,True,True,12th Pass,Agriculture,,,,Won,65190,28.730000000000004,28.72983204572799,0.0167954272015435,1.0,SPA,Consecutive win
3731,207,1,K.K.S.S.R.RAMACHANDRAN,M,DMK,91040,71.0,171201,226456,ARUPPUKOTTAI,GEN,VIRUDHUNAGAR,SOUTHERN REGION,30,75.6,53.18,no,39034,22.8,2.63,AETN211673,10192,9.0,DMK,10192.0,ARUPPUKKOTTAI,True,True,7.0,False,True,True,8th Pass,Politics,Party Worker,,,Won,55255,24.40000000000001,24.39988342106193,0.0116578938079925,2.0,SPA,Consecutive win
3761,208,1,THANGAM THENARASU,M,DMK,102225,54.0,172811,223097,TIRUCHULI,GEN,VIRUDHUNAGAR,SOUTHERN REGION,21,77.46,59.15,no,60992,35.29,2.38,AETN193081,10192,6.0,DMK,10192.0,TIRUCHULI,True,True,5.0,False,True,True,Graduate Professional,Agriculture,,,,Won,50286,22.540000000000006,22.53997140257377,0.0028597426236842,1.0,SPA,Consecutive win
3782,209,1,MURUGESAN S,M,DMK,84864,54.0,182158,258050,PARAMAKUDI,SC,RAMANATHAPURAM,SOUTHERN REGION,16,70.59,46.59,no,13285,7.29,2.63,AETN275926,10192,1.0,,,,,,1.0,False,False,False,5th Pass,Agriculture,,,,Won,75892,29.41,29.40980430149196,0.0195698508036912,0.0,SPA,Position gained
3798,210,1,KARUMANICKAM,M,INC,79364,35.0,201815,293677,TIRUVADANAI,GEN,RAMANATHAPURAM,SOUTHERN REGION,16,68.72,39.33,no,13852,6.86,3.33,AETN275937,3482,1.0,,,,,,1.0,False,False,False,Graduate Professional,Agriculture,,,,Won,91862,31.28,31.279943611518775,0.0056388481223024,0.0,SPA,Position gained
3814,211,1,KATHARBATCHA MUTHURAMALINGAM,M,DMK,111082,49.0,214098,311143,RAMANATHAPURAM,GEN,RAMANATHAPURAM,SOUTHERN REGION,20,68.81,51.88,no,50479,23.58,2.78,AETN275951,10192,1.0,,,,,,1.0,False,False,False,12th Pass,Agriculture,,,,Won,97045,31.19,31.18983875581324,0.0161244186756448,0.0,SPA,Position gained
3834,212,1,R.S.RAJAKANNAPPAN,M,DMK,101901,72.0,221213,314714,MUDUKULATHUR,GEN,RAMANATHAPURAM,SOUTHERN REGION,24,70.29,46.06,no,20721,9.37,2.86,GETN10847,10192,2.0,DMK,10192.0,ILAYANGUDI,False,True,2.0,False,False,False,Graduate Professional,Agriculture,,Social Work,,Won,93501,29.709999999999997,29.70983178377829,0.0168216221702266,0.0,SPA,Position gained
3858,213,1,MARKANDAYAN V,M,DMK,90348,44.0,167169,218464,VILATHIKULAM,GEN,THOOTHUKUDI,SOUTHERN REGION,16,76.52,54.05,no,38549,23.06,2.5,AETN193144,10192,3.0,IND,10809.0,VILATHIKULAM,True,False,2.0,False,False,True,Graduate Professional,Retired or Pension,,,,Won,51295,23.480000000000004,23.47984107221327,0.0158927786735318,1.0,SPA,Position gained
3874,214,1,P.Geetha Jeevan,F,DMK,92314,50.0,188407,289545,THOOTHUKKUDI,GEN,THOOTHUKUDI,SOUTHERN REGION,27,65.07,49.0,no,50310,26.7,3.12,GETN8629,10192,4.0,DMK,10192.0,THOOTHUKKUDI,True,True,3.0,False,True,True,Post Graduate,Education,School Teacher,,,Won,101138,34.93000000000001,34.92997634219206,0.0023657807943777,1.0,SPA,Consecutive win
3901,215,1,Anitha R. Radhakrishnan,M,DMK,88274,68.0,174536,249194,TIRUCHENDUR,GEN,THOOTHUKUDI,SOUTHERN REGION,16,70.04,50.58,no,25263,14.47,2.5,AETN198153,10192,5.0,DMK,10192.0,TIRUCHENDUR,True,True,5.0,False,True,True,10th Pass,Politics,"MLA, Party Worker",,,Won,74658,29.959999999999997,29.95979036413397,0.0209635866024626,0.0,SPA,Consecutive win
3917,216,1,Amirtharaj .S,M,INC,76843,37.0,164386,227240,SRIVAIKUNTAM,GEN,THOOTHUKUDI,SOUTHERN REGION,22,72.34,46.75,no,17372,10.57,2.78,AETN276038,3482,1.0,,,,,,1.0,False,False,False,Post Graduate,Business,Private Company,,,Won,62854,27.66,27.659743002992432,0.0256997007564763,0.0,SPA,Position gained
3939,217,1,SHUNMUGAIAH C,M,DMK,73110,50.0,177840,254712,OTTAPIDARAM,SC,THOOTHUKUDI,SOUTHERN REGION,18,69.82,41.11,no,8510,4.79,3.12,AETN276450,10192,2.0,DMK,10192.0,OTTAPIDARAM,True,True,2.0,False,True,True,Graduate Professional,Liberal Profession or Professional,Lawyer,Politics,MLA,Won,76872,30.180000000000007,30.17996796381796,0.0032036182044947,0.0,SPA,Consecutive win
3957,218,1,KADAMBUR RAJU,M,ADMK,68556,61.0,180928,268319,KOVILPATTI,GEN,THOOTHUKUDI,SOUTHERN REGION,27,67.43,37.89,no,12403,6.86,3.57,AETN190296,930,3.0,ADMK,930.0,KOVILPATTI,True,True,3.0,False,True,True,12th Pass,Other,,,,Won,87391,32.56999999999999,32.569814288216634,0.0185711783359465,0.0,NDA,Consecutive win
3984,219,1,RAJA E,M,DMK,71347,35.0,183338,256488,SANKARANKOVIL,SC,TIRUNELVELI,SOUTHERN REGION,16,71.48,38.92,no,5297,2.89,3.23,AETN276097,10192,1.0,,,,,,1.0,False,False,False,Post Graduate,Business,Rent,Liberal Profession or Professional,Lawyer,Won,73150,28.52,28.51985278063691,0.0147219363086037,0.0,SPA,Position gained
4000,220,1,"SADHAN THIRUMALAIKUMAR, DOCTOR.T",M,DMK,68730,68.0,175881,244721,VASUDEVANALLUR,SC,TIRUNELVELI,SOUTHERN REGION,12,71.87,39.08,no,2367,1.35,3.23,AETN276111,10192,1.0,,,,,,1.0,False,False,False,Graduate Professional,Liberal Profession or Professional,Doctor,,,Won,68840,28.129999999999995,28.129992930725194,0.0007069274801096,0.0,SPA,Position gained
4012,221,1,C.KRISHNAMURALI,M,ADMK,88474,38.0,205374,291931,KADAYANALLUR,GEN,TIRUNELVELI,SOUTHERN REGION,22,70.35,43.08,no,24349,11.86,3.12,AETN276121,930,1.0,,,,,,1.0,False,False,False,Graduate,Agriculture,,,,Won,86557,29.65000000000001,29.649814510963207,0.0185489036798713,0.0,NDA,Position gained
4034,222,1,PALANI NADAR.S,M,INC,89315,68.0,214108,295729,TENKASI,GEN,TIRUNELVELI,SOUTHERN REGION,19,72.4,41.71,no,370,0.17,2.86,AETN190349,3482,2.0,INC,3482.0,TENKASI,True,True,1.0,False,False,True,,,,,,Won,81621,27.599999999999994,27.599931017925197,0.0068982074800771,1.0,SPA,Position gained
4053,223,1,PAUL MANOJ PANDIAN,M,ADMK,74153,49.0,203478,262891,ALANGULAM,GEN,TIRUNELVELI,SOUTHERN REGION,11,77.4,36.44,no,3539,1.74,3.57,AETN196010,930,3.0,ADMK,930.0,CHERANMAHADEVI,False,True,2.0,False,False,False,Post Graduate,Liberal Profession or Professional,Lawyer,,,Won,59413,22.599999999999994,22.59986077880186,0.0139221198132588,1.0,NDA,Position gained
4064,224,1,Nainar Nagenthran,M,BJP,92282,60.0,197587,295302,TIRUNELVELI,GEN,TIRUNELVELI,SOUTHERN REGION,15,66.91,46.7,no,23107,11.69,2.86,AETN198069,1605,5.0,ADMK,930.0,TIRUNELVELI,True,False,3.0,True,False,True,Post Graduate,Business,,,,Won,97715,33.09,33.08985377681154,0.014622318846591,2.0,NDA,Position gained
4079,225,1,E.SUBAYA,M,ADMK,85211,56.0,177681,246676,AMBASAMUDRAM,GEN,TIRUNELVELI,SOUTHERN REGION,13,72.03,47.96,no,16915,9.52,2.56,AETN193305,930,2.0,ADMK,930.0,AMBASAMUDRAM,True,True,2.0,False,False,False,Doctorate,Business,,,,Won,68995,27.97,27.96988762587361,0.0112374126384651,0.0,NDA,Position gained
4092,226,1,ABDUL WAHAB .M,M,DMK,89117,54.0,161091,278897,PALAYAMCOTTAI,GEN,TIRUNELVELI,SOUTHERN REGION,11,57.76,55.32,no,52141,32.37,2.63,AETN276185,10192,1.0,,,,,,1.0,False,False,False,Graduate,Business,Real Estate or Builder or Developer or Construction,,,Won,117806,42.24,42.23996672606733,0.0033273932672273,0.0,SPA,Position gained
4103,227,1,RUBY R MANOHARAN,M,INC,75902,61.0,192522,280685,NANGUNERI,GEN,TIRUNELVELI,SOUTHERN REGION,16,68.59,39.43,no,16486,8.56,3.33,AETN276196,3482,1.0,,,,,,1.0,False,False,False,,,,,,Won,88163,31.41,31.409943531004508,0.0056468995488501,0.0,SPA,Position gained
4119,228,1,M.Appavu,M,DMK,82331,69.0,187310,275132,RADHAPURAM,GEN,TIRUNELVELI,SOUTHERN REGION,26,68.08,43.95,no,5925,3.16,2.7,AETN198109,10192,5.0,DMK,10192.0,RADHAPURAM,True,True,4.0,False,False,True,12th Pass,Agriculture,,,,Won,87822,31.92,31.919951150720383,0.0048849279618679,1.0,SPA,Position gained
4145,229,1,THALAVAI SUNDARAM N.,M,ADMK,109745,62.0,224874,299074,KANNIYAKUMARI,GEN,KANNIYAKUMARI,SOUTHERN REGION,14,75.19,48.8,no,16213,7.21,2.44,AETN190453,930,4.0,ADMK,930.0,KANNIYAKUMARI,True,True,2.0,False,False,True,Graduate Professional,Liberal Profession or Professional,Lawyer,,,Won,74200,24.81,24.809913265613197,0.0086734386808728,2.0,NDA,Position gained
4159,230,1,Gandhi M.R.,M,BJP,88804,76.0,184185,274657,NAGERCOIL,GEN,KANNIYAKUMARI,SOUTHERN REGION,16,67.06,48.21,no,11669,6.34,2.44,AETN190468,1605,7.0,BJP,1605.0,NAGERCOIL,True,True,1.0,False,False,True,Graduate,Other,,,,Won,90472,32.94,32.93999424737036,0.0005752629640198,6.0,NDA,Position gained
4175,231,1,Prince J.G.,M,INC,90681,64.0,182969,271991,COLACHEL,GEN,KANNIYAKUMARI,SOUTHERN REGION,13,67.27,49.56,no,24832,13.57,2.56,AETN190486,3482,3.0,INC,3482.0,COLACHEL,False,True,3.0,False,True,True,Post Graduate,Other,,,,Won,89022,32.730000000000004,32.72975944056972,0.024055943028145,0.0,SPA,Consecutive win
4188,232,1,"Mano Thangaraj, T.",M,DMK,87744,53.0,170156,242802,PADMANABHAPURAM,GEN,KANNIYAKUMARI,SOUTHERN REGION,13,70.08,51.57,no,26885,15.8,2.44,AETN190497,10192,2.0,DMK,10192.0,PADMANABHAPURAM,True,True,2.0,False,True,True,Post Graduate,Other,,,,Won,72646,29.92,29.91985239001326,0.0147609986740349,0.0,SPA,Consecutive win
4201,233,1,VIJAYADHARANI S,F,INC,87473,51.0,167836,251138,VILAVANCODE,GEN,KANNIYAKUMARI,SOUTHERN REGION,16,66.83,52.12,no,28669,17.08,2.5,AETN190511,3482,3.0,INC,3482.0,VILAVANCODE,True,True,3.0,False,True,True,Graduate Professional,Liberal Profession or Professional,Lawyer,,,Won,83302,33.17,33.16981102023588,0.0188979764118357,0.0,SPA,Consecutive win
4217,234,1,RAJESH KUMAR  S,M,INC,101541,46.0,169918,257959,KILLIYOOR,GEN,KANNIYAKUMARI,SOUTHERN REGION,15,65.87,59.76,no,55400,32.6,2.27,AETN190529,3482,2.0,INC,3482.0,KILLIYOOR,True,True,2.0,False,True,True,Post Graduate,Politics,MLA,,,Won,88041,34.129999999999995,34.12984233928648,0.0157660713519192,0.0,SPA,Consecutive win
